Артикул;Оригинальное название;Родительская Серия;Столбец1;Мощность, кВт;Номинальный расход, м3/ч;Номинальный напор, м;Диаметр DN, мм;Полюса/Обороты;Источник данных;Наличие;Фото
74111740;CRV 1-2C;CRV 1;38970;0,37;1.6;9.8;32;2 / 2900;vj_api+math;1;CRV.jpeg
74111741;CRV 1-3C;CRV 1;47990;0,37;1.6;14.3;32;2 / 2900;vj_api+math;0;CRV.jpeg
74111742;CRV 1-4C;CRV 1;50800;0,37;1.6;18.8;32;2 / 2900;vj_api+math;1;CRV.jpeg
74111743;CRV 1-5C;CRV 1;62740;0,37;1.6;24;32;2 / 2900;vj_api+math;0;CRV.jpeg
74111744;CRV 1-6C;CRV 1;64560;0,37;1.6;29;32;2 / 2900;vj_api+math;1;CRV.jpeg
74111745;CRV 1-7C;CRV 1;66560;0,37;1.6;33;32;2 / 2900;vj_api+math;0;CRV.jpeg
74111746;CRV 1-8C;CRV 1;72110;0,55;1.6;38;32;2 / 2900;vj_api+math;0;CRV.jpeg
74111747;CRV 1-9C;CRV 1;74030;0,55;1.6;43;32;2 / 2900;vj_api+math;0;CRV.jpeg
74111748;CRV 1-10C;CRV 1;77390;0,55;1.6;49;32;2 / 2900;vj_api+math;0;CRV.jpeg
74111749;CRV 1-11C;CRV 1;83130;0,55;1.6;53;32;2 / 2900;vj_api+math;0;CRV.jpeg
74111750;CRV 1-12C;CRV 1;87590;0,75;1.6;58;32;2 / 2900;vj_api+math;0;CRV.jpeg
74111751;CRV 1-13C;CRV 1;90050;0,75;1.6;62;32;2 / 2900;vj_api+math;0;CRV.jpeg
74111752;CRV 1-15C;CRV 1;94140;0,75;1.6;72;32;2 / 2900;vj_api+math;0;CRV.jpeg
74111753;CRV 1-17C;CRV 1;96870;1,1;1.6;81;32;2 / 2900;vj_api+math;0;CRV.jpeg
74111754;CRV 1-19C;CRV 1;104790;1,1;1.6;91;32;2 / 2900;vj_api+math;0;CRV.jpeg
74111755;CRV 1-21C;CRV 1;109530;1,1;1.6;100;32;2 / 2900;vj_api+math;0;CRV.jpeg
74111756;CRV 1-23C;CRV 1;124830;1,1;1.6;109;32;2 / 2900;vj_api+math;0;CRV.jpeg
74111757;CRV 1-25C;CRV 1;127010;1,5;1.6;119;32;2 / 2900;vj_api+math;0;CRV.jpeg
74111758;CRV 1-27C;CRV 1;130650;1,5;1.6;129;32;2 / 2900;vj_api+math;0;CRV.jpeg
74111759;CRV 1-30C;CRV 1;133650;1,5;1.6;144;32;2 / 2900;vj_api+math;0;CRV.jpeg
74111760;CRV 1-33C;CRV 1;172070;2,2;1.6;159;32;2 / 2900;vj_api+math;0;CRV.jpeg
74111761;CRV 1-36C;CRV 1;181630;2,2;1.6;174;32;2 / 2900;vj_api+math;0;CRV.jpeg
74113744;CRV 3-2C;CRV 3;42530;0,37;3;8.5;32;2 / 2900;vj_api+math;0;CRV.jpeg
74113745;CRV 3-3С;CRV 3;48440;0,37;3;12.8;32;2 / 2900;vj_api+math;1;CRV.jpeg
74113746;CRV 3-4С;CRV 3;54000;0,37;3;17.3;32;2 / 2900;vj_api+math;1;CRV.jpeg
74113747;CRV 3-5С;CRV 3;56450;0,37;3;22;32;2 / 2900;vj_api+math;1;CRV.jpeg
74113748;CRV 3-6С;CRV 3;59280;0,55;3;26;32;2 / 2900;vj_api+math;1;CRV.jpeg
74113749;CRV 3-7С;CRV 3;68650;0,55;3;31;32;2 / 2900;vj_api+math;1;CRV.jpeg
74113750;CRV 3-8С;CRV 3;71850;0,75;3;35;32;2 / 2900;vj_api+math;0;CRV.jpeg
74113751;CRV 3-9С;CRV 3;75300;0,75;3;39;32;2 / 2900;vj_api+math;1;CRV.jpeg
74113752;CRV 3-10С;CRV 3;77760;0,75;3;43;32;2 / 2900;vj_api+math;0;CRV.jpeg
74113753;CRV 3-11С;CRV 3;82850;1,1;3;48;32;2 / 2900;vj_api+math;1;CRV.jpeg
74113754;CRV 3-12С;CRV 3;88410;1,1;3;52;32;2 / 2900;vj_api+math;0;CRV.jpeg
74113755;CRV 3-13С;CRV 3;93050;1,1;3;57;32;2 / 2900;vj_api+math;1;CRV.jpeg
74113756;CRV 3-15С;CRV 3;96870;1,1;3;67;32;2 / 2900;vj_api+math;0;CRV.jpeg
74113757;CRV 3-17С;CRV 3;101520;1,5;3;78;32;2 / 2900;vj_api+math;0;CRV.jpeg
74113758;CRV 3-19С;CRV 3;104430;1,5;3;87;32;2 / 2900;vj_api+math;0;CRV.jpeg
74113759;CRV 3-21С;CRV 3;111540;2,2;3;95;32;2 / 2900;vj_api+math;0;CRV.jpeg
74113760;CRV 3-23С;CRV 3;117630;2,2;3;104;32;2 / 2900;vj_api+math;0;CRV.jpeg
74113761;CRV 3-25С;CRV 3;124720;2,2;3;113;32;2 / 2900;vj_api+math;0;CRV.jpeg
74113762;CRV 3-27С;CRV 3;129740;2,2;3;122;32;2 / 2900;vj_api+math;0;CRV.jpeg
74113763;CRV 3-29С;CRV 3;134290;2,2;3;131;32;2 / 2900;vj_api+math;0;CRV.jpeg
74113764;CRV 3-31С;CRV 3;138850;3;3;140;32;2 / 2900;vj_api+math;0;CRV.jpeg
74113765;CRV 3-33С;CRV 3;142300;3;3;149;32;2 / 2900;vj_api+math;0;CRV.jpeg
74113766;CRV 3-36С;CRV 3;147120;3;3;166;32;2 / 2900;vj_api+math;0;CRV.jpeg
74115744;CRV 5-2С;CRV 5;43620;0,37;5;10.8;32;2 / 2900;vj_api+math;0;CRV.jpeg
74115745;CRV 5-3С;CRV 5;49630;0,55;5;14.9;32;2 / 2900;vj_api+math;1;CRV.jpeg
74115746;CRV 5-4С;CRV 5;55180;0,55;5;19.7;32;2 / 2900;vj_api+math;1;CRV.jpeg
74115770;CRV 5-5С;CRV 5;60100;0,75;5;24;32;2 / 2900;vj_api+math;1;CRV.jpeg
74115771;CRV 5-6С;CRV 5;68010;1,1;5;30;32;2 / 2900;vj_api+math;1;CRV.jpeg
74115752;CRV 5-7С;CRV 5;70290;1,1;5;35;32;2 / 2900;vj_api+math;0;CRV.jpeg
74115753;CRV 5-8С;CRV 5;73940;1,1;5;40;32;2 / 2900;vj_api+math;1;CRV.jpeg
74115754;CRV 5-9С;CRV 5;77480;1,5;5;45;32;2 / 2900;vj_api+math;1;CRV.jpeg
74115755;CRV 5-10С;CRV 5;84680;1,5;5;50;32;2 / 2900;vj_api+math;1;CRV.jpeg
74115756;CRV 5-11С;CRV 5;88500;2,2;5;56;32;2 / 2900;vj_api+math;1;CRV.jpeg
74115757;CRV 5-12С;CRV 5;93690;2,2;5;62;32;2 / 2900;vj_api+math;0;CRV.jpeg
74115759;CRV 5-14С;CRV 5;96240;2,2;5;73;32;2 / 2900;vj_api+math;0;CRV.jpeg
74115760;CRV 5-15С;CRV 5;97700;2,2;5;80;32;2 / 2900;vj_api+math;1;CRV.jpeg
74115761;CRV 5-16С;CRV 5;99600;2,2;5;85;32;2 / 2900;vj_api+math;0;CRV.jpeg
74115762;CRV 5-18С;CRV 5;116450;3;5;95;32;2 / 2900;vj_api+math;0;CRV.jpeg
74115763;CRV 5-20С;CRV 5;120450;3;5;105;32;2 / 2900;vj_api+math;0;CRV.jpeg
74115764;CRV 5-22С;CRV 5;149300;4;5;115;32;2 / 2900;vj_api+math;0;CRV.jpeg
74115765;CRV 5-24С;CRV 5;158500;4;5;127;32;2 / 2900;vj_api+math;0;CRV.jpeg
74115766;CRV 5-26С;CRV 5;168150;4;5;137;32;2 / 2900;vj_api+math;0;CRV.jpeg
74115767;CRV 5-29С;CRV 5;201290;4;5;155;32;2 / 2900;vj_api+math;0;CRV.jpeg
74115768;CRV 5-32С;CRV 5;215580;5,5;5;174;32;2 / 2900;vj_api+math;0;CRV.jpeg
74115769;CRV 5-36С;CRV 5;226240;5,5;5;196;32;2 / 2900;vj_api+math;0;CRV.jpeg
74118717;CRV 15-1C;CRV 15;90680;1,1;15;11.3;50;2 / 2900;vj_api+math;0;CRV.jpeg
74118718;CRV 15-2C;CRV 15;105420;2,2;15;22;50;2 / 2900;vj_api+math;1;CRV.jpeg
74118712;CRV 15-3C;CRV 15;130470;3;15;33;50;2 / 2900;vj_api+math;1;CRV.jpeg
74118719;CRV 15-4C;CRV 15;150940;4;15;44;50;2 / 2900;vj_api+math;1;CRV.jpeg
74118720;CRV 15-5C;CRV 15;173430;4;15;56;50;2 / 2900;vj_api+math;1;CRV.jpeg
74118721;CRV 15-6C;CRV 15;195370;5,5;15;68;50;2 / 2900;vj_api+math;1;CRV.jpeg
74118722;CRV 15-7C;CRV 15;201200;5,5;15;80;50;2 / 2900;vj_api+math;0;CRV.jpeg
74118723;CRV 15-8C;CRV 15;218950;7,5;15;93;50;2 / 2900;vj_api+math;0;CRV.jpeg
74118724;CRV 15-9C;CRV 15;227050;7,5;15;105;50;2 / 2900;vj_api+math;0;CRV.jpeg
74118725;CRV 15-10C;CRV 15;261740;11;15;119;50;2 / 2900;vj_api+math;0;CRV.jpeg
74118726;CRV 15-12C;CRV 15;304610;11;15;139;50;2 / 2900;vj_api+math;0;CRV.jpeg
74118727;CRV 15-14C;CRV 15;325280;11;15;160;50;2 / 2900;vj_api+math;0;CRV.jpeg
74119709;CRV 20-1C;CRV 20;107250;1,1;20;10.4;50;2 / 2900;vj_api+math;1;CRV.jpeg
74119710;CRV 20-2C;CRV 20;124550;2,2;20;21;50;2 / 2900;vj_api+math;0;CRV.jpeg
74119711;CRV 20-3C;CRV 20;165060;4;20;32;50;2 / 2900;vj_api+math;1;CRV.jpeg
74119720;CRV 20-4C;CRV 20;198560;5,5;20;43;50;2 / 2900;vj_api+math;1;CRV.jpeg
74119712;CRV 20-5C;CRV 20;210490;5,5;20;54;50;2 / 2900;vj_api+math;1;CRV.jpeg
74119721;CRV 20-6C;CRV 20;238520;7,5;20;65;50;2 / 2900;vj_api+math;0;CRV.jpeg
74119713;CRV 20-7C;CRV 20;244620;7,5;20;76;50;2 / 2900;vj_api+math;1;CRV.jpeg
74119722;CRV 20-8C;CRV 20;280030;11;20;88;50;2 / 2900;vj_api+math;0;CRV.jpeg
74119723;CRV 20-10C;CRV 20;291510;11;20;111;50;2 / 2900;vj_api+math;0;CRV.jpeg
74119724;CRV 20-12C;CRV 20;339930;15;20;134;50;2 / 2900;vj_api+math;0;CRV.jpeg
74119725;CRV 20-14C;CRV 20;378810;15;20;159;50;2 / 2900;vj_api+math;0;CRV.jpeg
74119726;CRV 20-17C;CRV 20;419050;18,5;20;199;50;2 / 2900;vj_api+math;0;CRV.jpeg
74121726;CRV 32-1-1C;CRV 32;146670;1,5;32;9.9;65;2 / 2900;vj_api+math;0;CRV.jpeg
74121727;CRV 32-1C;CRV 32;150040;2,2;32;13;65;2 / 2900;vj_api+math;0;CRV.jpeg
74121728;CRV 32-2-2C;CRV 32;165870;3;32;19.1;65;2 / 2900;vj_api+math;0;CRV.jpeg
74121729;CRV 32-2C;CRV 32;188090;4;32;24;65;2 / 2900;vj_api+math;1;CRV.jpeg
74121730;CRV 32-3-2C;CRV 32;238800;5,5;32;31;65;2 / 2900;vj_api+math;0;CRV.jpeg
74121731;CRV 32-3C;CRV 32;248900;5,5;32;37;65;2 / 2900;vj_api+math;0;CRV.jpeg
74121732;CRV 32-4-2C;CRV 32;279400;7,5;32;44;65;2 / 2900;vj_api+math;0;CRV.jpeg
74121733;CRV 32-4C;CRV 32;279400;7,5;32;50;65;2 / 2900;vj_api+math;0;CRV.jpeg
74121734;CRV 32-5-2C;CRV 32;341390;11;32;56;65;2 / 2900;vj_api+math;0;CRV.jpeg
74121725;CRV 32-5C;CRV 32;341390;11;32;62;65;2 / 2900;vj_api+math;0;CRV.jpeg
74121735;CRV 32-6-2C;CRV 32;343860;11;32;69;65;2 / 2900;vj_api+math;0;CRV.jpeg
74121736;CRV 32-6C;CRV 32;343860;11;32;77;65;2 / 2900;vj_api+math;0;CRV.jpeg
74121737;CRV 32-7-2C;CRV 32;394100;15;32;84;65;2 / 2900;vj_api+math;0;CRV.jpeg
74121738;CRV 32-7C;CRV 32;394100;15;32;90;65;2 / 2900;vj_api+math;0;CRV.jpeg
74121739;CRV 32-8-2C;CRV 32;411760;15;32;97;65;2 / 2900;vj_api+math;0;CRV.jpeg
74121740;CRV 32-8C;CRV 32;411760;15;32;103;65;2 / 2900;vj_api+math;0;CRV.jpeg
74121741;CRV 32-9-2C;CRV 32;468840;18,5;32;111;65;2 / 2900;vj_api+math;0;CRV.jpeg
74121742;CRV 32-9C;CRV 32;468840;18,5;32;118;65;2 / 2900;vj_api+math;0;CRV.jpeg
74121743;CRV 32-10-2C;CRV 32;489870;18,5;32;125;65;2 / 2900;vj_api+math;0;CRV.jpeg
74121744;CRV 32-10C;CRV 32;489870;18,5;32;131;65;2 / 2900;vj_api+math;0;CRV.jpeg
74121745;CRV 32-11-2C;CRV 32;563430;22;32;138;65;2 / 2900;vj_api+math;0;CRV.jpeg
74121746;CRV 32-11C;CRV 32;563430;22;32;145;65;2 / 2900;vj_api+math;0;CRV.jpeg
74121747;CRV 32-12-2C;CRV 32;588020;22;32;152;65;2 / 2900;vj_api+math;0;CRV.jpeg
74121748;CRV 32-12C;CRV 32;588020;22;32;158;65;2 / 2900;vj_api+math;0;CRV.jpeg
74121749;CRV 32-13-2C;CRV 32;По запросу;30;32;165;65;2 / 2900;vj_api+math;0;CRV.jpeg
74121750;CRV 32-13C;CRV 32;По запросу;30;32;173;65;2 / 2900;vj_api+math;0;CRV.jpeg
74121751;CRV 32-14-2C;CRV 32;По запросу;30;32;181;65;2 / 2900;vj_api+math;0;CRV.jpeg
74121752;CRV 32-14C;CRV 32;По запросу;30;32;188;65;2 / 2900;vj_api+math;0;CRV.jpeg
74122715;CRV 45-1-1C;CRV 45;158150;3;45;15;80;2 / 2900;vj_api+math;0;CRV.jpeg
74122716;CRV 45-1C;CRV 45;186450;4;45;19.8;80;2 / 2900;vj_api+math;0;CRV.jpeg
74122714;CRV 45-2-2C;CRV 45;254090;5,5;45;30;80;2 / 2900;vj_api+math;0;CRV.jpeg
74122717;CRV 45-2C;CRV 45;294410;7,5;45;38;80;2 / 2900;vj_api+math;0;CRV.jpeg
74122718;CRV 45-3-2C;CRV 45;379180;11;45;49;80;2 / 2900;vj_api+math;0;CRV.jpeg
74122719;CRV 45-3C;CRV 45;380270;11;45;57;80;2 / 2900;vj_api+math;0;CRV.jpeg
74122720;CRV 45-4-2C;CRV 45;485040;15;45;69;80;2 / 2900;vj_api+math;0;CRV.jpeg
74122721;CRV 45-4C;CRV 45;486320;15;45;77;80;2 / 2900;vj_api+math;0;CRV.jpeg
74122722;CRV 45-5-2C;CRV 45;610500;18,5;45;88;80;2 / 2900;vj_api+math;0;CRV.jpeg
74122723;CRV 45-5C;CRV 45;611590;18,5;45;97;80;2 / 2900;vj_api+math;0;CRV.jpeg
74122724;CRV 45-6-2C;CRV 45;705350;22;45;108;80;2 / 2900;vj_api+math;0;CRV.jpeg
74122725;CRV 45-6C;CRV 45;706440;22;45;117;80;2 / 2900;vj_api+math;0;CRV.jpeg
74122726;CRV 45-7-2C;CRV 45;По запросу;30;45;127;80;2 / 2900;vj_api+math;0;CRV.jpeg
74122727;CRV 45-7C;CRV 45;По запросу;30;45;135;80;2 / 2900;vj_api+math;0;CRV.jpeg
74122728;CRV 45-8-2C;CRV 45;По запросу;30;45;146;80;2 / 2900;vj_api+math;0;CRV.jpeg
74122729;CRV 45-8C;CRV 45;По запросу;30;45;155;80;2 / 2900;vj_api+math;0;CRV.jpeg
74122730;CRV 45-9-2C;CRV 45;По запросу;30;45;167;80;2 / 2900;vj_api+math;0;CRV.jpeg
74122731;CRV 45-9C;CRV 45;По запросу;37;45;176;80;2 / 2900;vj_api+math;0;CRV.jpeg
74122732;CRV 45-10-2C;CRV 45;По запросу;37;45;186;80;2 / 2900;vj_api+math;0;CRV.jpeg
74122733;CRV 45-10C;CRV 45;По запросу;37;45;195;80;2 / 2900;vj_api+math;0;CRV.jpeg
74122734;CRV 45-11-2C;CRV 45;По запросу;45;45;208;80;2 / 2900;vj_api+math;0;CRV.jpeg
74122735;CRV 45-11C;CRV 45;По запросу;45;45;216;80;2 / 2900;vj_api+math;0;CRV.jpeg
74122736;CRV 45-12-2C;CRV 45;По запросу;45;45;228;80;2 / 2900;vj_api+math;0;CRV.jpeg
74122737;CRV 45-12C;CRV 45;По запросу;45;45;238;80;2 / 2900;vj_api+math;0;CRV.jpeg
74122738;CRV 45-13-2C;CRV 45;По запросу;45;45;248;80;2 / 2900;vj_api+math;0;CRV.jpeg
74123712;CRV 64-1-1C;CRV 64;183900;4;64;13.4;100;2 / 2900;vj_api+math;0;CRV.jpeg
74123713;CRV 64-1C;CRV 64;242080;5,5;64;19.1;100;2 / 2900;vj_api+math;0;CRV.jpeg
74123714;CRV 64-2-2C;CRV 64;286690;7,5;64;26;100;2 / 2900;vj_api+math;0;CRV.jpeg
74123715;CRV 64-2-1C;CRV 64;394470;11;64;34;100;2 / 2900;vj_api+math;0;CRV.jpeg
74123716;CRV 64-2C;CRV 64;395010;11;64;40;100;2 / 2900;vj_api+math;0;CRV.jpeg
74123717;CRV 64-3-2C;CRV 64;500430;15;64;47;100;2 / 2900;vj_api+math;0;CRV.jpeg
74123718;CRV 64-3-1C;CRV 64;501530;15;64;53;100;2 / 2900;vj_api+math;0;CRV.jpeg
74123719;CRV 64-3C;CRV 64;565160;18,5;64;60;100;2 / 2900;vj_api+math;0;CRV.jpeg
74123720;CRV 64-4-2C;CRV 64;570170;18,5;64;66;100;2 / 2900;vj_api+math;0;CRV.jpeg
74123721;CRV 64-4-1C;CRV 64;673950;22;64;73;100;2 / 2900;vj_api+math;0;CRV.jpeg
74123722;CRV 64-4C;CRV 64;674580;22;64;80;100;2 / 2900;vj_api+math;0;CRV.jpeg
74123723;CRV 64-5-2C;CRV 64;По запросу;30;64;88;100;2 / 2900;vj_api+math;0;CRV.jpeg
74123724;CRV 64-5-1C;CRV 64;По запросу;30;64;95;100;2 / 2900;vj_api+math;0;CRV.jpeg
74123725;CRV 64-5C;CRV 64;По запросу;30;64;102;100;2 / 2900;vj_api+math;0;CRV.jpeg
74123726;CRV 64-6-2C;CRV 64;По запросу;30;64;110;100;2 / 2900;vj_api+math;0;CRV.jpeg
74123727;CRV 64-6-1C;CRV 64;По запросу;37;64;118;100;2 / 2900;vj_api+math;0;CRV.jpeg
74123728;CRV 64-6C;CRV 64;По запросу;37;64;124;100;2 / 2900;vj_api+math;0;CRV.jpeg
74123729;CRV 64-7-2C;CRV 64;По запросу;37;64;132;100;2 / 2900;vj_api+math;0;CRV.jpeg
74123730;CRV 64-7-1C;CRV 64;По запросу;37;64;140;100;2 / 2900;vj_api+math;0;CRV.jpeg
74123731;CRV 64-7C;CRV 64;По запросу;45;64;146;100;2 / 2900;vj_api+math;0;CRV.jpeg
74123732;CRV 64-8-2C;CRV 64;По запросу;45;64;154;100;2 / 2900;vj_api+math;0;CRV.jpeg
74123733;CRV 64-8-1C;CRV 64;По запросу;45;64;162;100;2 / 2900;vj_api+math;0;CRV.jpeg
74124702;CRV 90-1-1C;CRV 90;325370;5,5;90;12.9;100;2 / 2900;vj_api+math;0;CRV.jpeg
74124703;CRV 90-1C;CRV 90;353140;7,5;90;19;100;2 / 2900;vj_api+math;0;CRV.jpeg
74124704;CRV 90-2-2C;CRV 90;391190;11;90;27;100;2 / 2900;vj_api+math;0;CRV.jpeg
74124705;CRV 90-2C;CRV 90;507900;15;90;40;100;2 / 2900;vj_api+math;0;CRV.jpeg
74124706;CRV 90-3-2C;CRV 90;589830;18,5;90;48;100;2 / 2900;vj_api+math;0;CRV.jpeg
74124707;CRV 90-3C;CRV 90;647730;22;90;61;100;2 / 2900;vj_api+math;0;CRV.jpeg
74124708;CRV 90-4-2C;CRV 90;По запросу;30;90;71;100;2 / 2900;vj_api+math;0;CRV.jpeg
74124709;CRV 90-4C;CRV 90;По запросу;30;90;84;100;2 / 2900;vj_api+math;0;CRV.jpeg
74124710;CRV 90-5-2C;CRV 90;По запросу;37;90;94;100;2 / 2900;vj_api+math;0;CRV.jpeg
74124711;CRV 90-5C;CRV 90;По запросу;37;90;107;100;2 / 2900;vj_api+math;0;CRV.jpeg
74124712;CRV 90-6-2C;CRV 90;По запросу;45;90;117;100;2 / 2900;vj_api+math;0;CRV.jpeg
74124713;CRV 90-6C;CRV 90;По запросу;45;90;129;100;2 / 2900;vj_api+math;0;CRV.jpeg
74125701;CRV 120-1C;CRV 120;582910;11;120;18.4;150;2 / 2900;vj_api+math;0;CRV.jpeg
74125702;CRV 120-2-1C;CRV 120;776900;18,5;120;34;150;2 / 2900;vj_api+math;0;CRV.jpeg
74125703;CRV 120-2-2C;CRV 120;675590;15;120;28;150;2 / 2900;vj_api+math;0;CRV.jpeg
74125704;CRV 120-2C;CRV 120;949140;22;120;39;150;2 / 2900;vj_api+math;0;CRV.jpeg
74125705;CRV 120-3-1C;CRV 120;По запросу;30;120;55;150;2 / 2900;vj_api+math;0;CRV.jpeg
74125706;CRV 120-3-2C;CRV 120;По запросу;30;120;48;150;2 / 2900;vj_api+math;0;CRV.jpeg
74125707;CRV 120-3C;CRV 120;По запросу;30;120;60;150;2 / 2900;vj_api+math;0;CRV.jpeg
74125708;CRV 120-4-1C;CRV 120;По запросу;37;120;75;150;2 / 2900;vj_api+math;0;CRV.jpeg
74125709;CRV 120-4-2C;CRV 120;По запросу;37;120;69;150;2 / 2900;vj_api+math;0;CRV.jpeg
74125710;CRV 120-4C;CRV 120;По запросу;45;120;80;150;2 / 2900;vj_api+math;0;CRV.jpeg
74125711;CRV 120-5-1C;CRV 120;По запросу;45;120;96;150;2 / 2900;vj_api+math;0;CRV.jpeg
74125712;CRV 120-5-2C;CRV 120;По запросу;45;120;89;150;2 / 2900;vj_api+math;0;CRV.jpeg
74125713;CRV 120-5C;CRV 120;По запросу;55;120;100;150;2 / 2900;vj_api+math;0;CRV.jpeg
74125714;CRV 120-6-1C;CRV 120;По запросу;55;120;116;150;2 / 2900;vj_api+math;0;CRV.jpeg
74125715;CRV 120-6-2C;CRV 120;По запросу;55;120;109;150;2 / 2900;vj_api+math;0;CRV.jpeg
74125716;CRV 120-6C;CRV 120;По запросу;75;120;121;150;2 / 2900;vj_api+math;0;CRV.jpeg
74125717;CRV 120-7-1C;CRV 120;По запросу;75;120;135;150;2 / 2900;vj_api+math;0;CRV.jpeg
74125718;CRV 120-7-2C;CRV 120;По запросу;75;120;129;150;2 / 2900;vj_api+math;0;CRV.jpeg
74125719;CRV 120-7C;CRV 120;По запросу;75;120;142;150;2 / 2900;vj_api+math;0;CRV.jpeg
74126702;CRV 150-1-1C;CRV 150;582910;11;150;12.6;150;2 / 2900;vj_api+math;0;CRV.jpeg
74126703;CRV 150-1C;CRV 150;608760;15;150;18.2;150;2 / 2900;vj_api+math;0;CRV.jpeg
74126704;CRV 150-2-1C;CRV 150;949140;22;150;34;150;2 / 2900;vj_api+math;0;CRV.jpeg
74126705;CRV 150-2-2C;CRV 150;776900;22;150;27;150;2 / 2900;vj_api+math;0;CRV.jpeg
74126706;CRV 150-2C;CRV 150;По запросу;30;150;39;150;2 / 2900;vj_api+math;0;CRV.jpeg
74126707;CRV 150-3-1C;CRV 150;По запросу;37;150;56;150;2 / 2900;vj_api+math;0;CRV.jpeg
74126708;CRV 150-3-2C;CRV 150;По запросу;30;150;49;150;2 / 2900;vj_api+math;0;CRV.jpeg
74126709;CRV 150-3C;CRV 150;По запросу;37;150;62;150;2 / 2900;vj_api+math;0;CRV.jpeg
74126710;CRV 150-4-1C;CRV 150;По запросу;45;150;76;150;2 / 2900;vj_api+math;0;CRV.jpeg
74126711;CRV 150-4-2C;CRV 150;По запросу;45;150;69;150;2 / 2900;vj_api+math;0;CRV.jpeg
74126712;CRV 150-4C;CRV 150;По запросу;55;150;83;150;2 / 2900;vj_api+math;0;CRV.jpeg
74126713;CRV 150-5-1C;CRV 150;По запросу;75;150;98;150;2 / 2900;vj_api+math;0;CRV.jpeg
74126714;CRV 150-5-2C;CRV 150;По запросу;55;150;90;150;2 / 2900;vj_api+math;0;CRV.jpeg
74126715;CRV 150-5C;CRV 150;По запросу;75;150;105;150;2 / 2900;vj_api+math;0;CRV.jpeg
74126716;CRV 150-6-1C;CRV 150;По запросу;75;150;119;150;2 / 2900;vj_api+math;0;CRV.jpeg
74126717;CRV 150-6-2C;CRV 150;По запросу;75;150;111;150;2 / 2900;vj_api+math;0;CRV.jpeg
74126718;CRV 150-6C;CRV 150;По запросу;75;150;120;150;2 / 2900;vj_api+math;0;CRV.jpeg
74127701;CRV 200-1C;CRV 200;703260;22;200;24;150;2 / 2900;vj_api+math;0;CRV.jpeg
74127702;CRV 200-1C;CRV 200;764070;18,5;200;19.6;150;2 / 2900;vj_api+math;0;CRV.jpeg
74127703;CRV 200-1C;CRV 200;По запросу;30;200;34;150;2 / 2900;vj_api+math;0;CRV.jpeg
74127704;CRV 200-2C;CRV 200;По запросу;37;200;40;150;2 / 2900;vj_api+math;0;CRV.jpeg
74127705;CRV 200-2C;CRV 200;По запросу;45;200;48;150;2 / 2900;vj_api+math;0;CRV.jpeg
74127706;CRV 200-2-1C;CRV 200;По запросу;55;200;58;150;2 / 2900;vj_api+math;0;CRV.jpeg
74127707;CRV 200-2C;CRV 200;По запросу;55;200;68;150;2 / 2900;vj_api+math;0;CRV.jpeg
74127708;CRV 200-3-2C;CRV 200;По запросу;75;200;78;150;2 / 2900;vj_api+math;0;CRV.jpeg
74127709;CRV 200-3-2C;CRV 200;По запросу;75;200;74;150;2 / 2900;vj_api+math;0;CRV.jpeg
74127710;CRV 200-3-2C;CRV 200;По запросу;75;200;83;150;2 / 2900;vj_api+math;0;CRV.jpeg
74127711;CRV 200-3-1C;CRV 200;По запросу;75;200;88;150;2 / 2900;vj_api+math;0;CRV.jpeg
74127712;CRV 200-3-1C;CRV 200;По запросу;75;200;92;150;2 / 2900;vj_api+math;0;CRV.jpeg
74127713;CRV 200-3C;CRV 200;По запросу;90;200;102;150;2 / 2900;vj_api+math;0;CRV.jpeg
74127714;CRV 200-4-2C;CRV 200;По запросу;90;200;109;150;2 / 2900;vj_api+math;0;CRV.jpeg
74127715;CRV 200-4-2C;CRV 200;По запросу;110;200;117;150;2 / 2900;vj_api+math;0;CRV.jpeg
74127716;CRV 200-4-1C;CRV 200;По запросу;110;200;127;150;2 / 2900;vj_api+math;0;CRV.jpeg
74127717;CRV 200-4C;CRV 200;По запросу;110;200;137;150;2 / 2900;vj_api+math;0;CRV.jpeg
;CRV 320-1-1C;CRV 320;По запросу;30;320;5.7;;2 / 2900;math;0;
;CRV 320-1C;CRV 320;По запросу;45;320;5.7;;2 / 2900;math;0;
;CRV 320-2-2C;CRV 320;По запросу;55;320;11.4;;2 / 2900;math;0;
;CRV 320-2-1C;CRV 320;По запросу;75;320;11.4;;2 / 2900;math;0;
;CRV 320-2C;CRV 320;По запросу;90;320;11.4;;2 / 2900;math;0;
;CRV 320-3-2C;CRV 320;По запросу;110;320;17.1;;2 / 2900;math;0;
;CRV 320-3-1C;CRV 320;По запросу;110;320;17.1;;2 / 2900;math;0;
74131023;CRV 1-2CN;CRV 1;52550;0,37;1.6;9.8;32;2 / 2900;vj_api+math;0;CRV_CN.jpeg
74131024;CRV 1-3CN;CRV 1;64740;0,37;1.6;14.3;32;2 / 2900;vj_api+math;0;CRV_CN.jpeg
74131025;CRV 1-4CN;CRV 1;68650;0,37;1.6;18.8;32;2 / 2900;vj_api+math;0;CRV_CN.jpeg
74131026;CRV 1-5CN;CRV 1;84770;0,37;1.6;24;32;2 / 2900;vj_api+math;0;CRV_CN.jpeg
74131027;CRV 1-6CN;CRV 1;87220;0,37;1.6;29;32;2 / 2900;vj_api+math;0;CRV_CN.jpeg
74131028;CRV 1-7CN;CRV 1;89860;0,37;1.6;33;32;2 / 2900;vj_api+math;0;CRV_CN.jpeg
74131029;CRV 1-8CN;CRV 1;97330;0,55;1.6;38;32;2 / 2900;vj_api+math;0;CRV_CN.jpeg
74131030;CRV 1-9CN;CRV 1;99960;0,55;1.6;43;32;2 / 2900;vj_api+math;0;CRV_CN.jpeg
74131031;CRV 1-10CN;CRV 1;104520;0,55;1.6;49;32;2 / 2900;vj_api+math;0;CRV_CN.jpeg
74131032;CRV 1-11CN;CRV 1;112260;0,55;1.6;53;32;2 / 2900;vj_api+math;0;CRV_CN.jpeg
74131033;CRV 1-12CN;CRV 1;118350;0,75;1.6;58;32;2 / 2900;vj_api+math;0;CRV_CN.jpeg
74131034;CRV 1-13CN;CRV 1;121540;0,75;1.6;62;32;2 / 2900;vj_api+math;0;CRV_CN.jpeg
74131035;CRV 1-15CN;CRV 1;127100;0,75;1.6;72;32;2 / 2900;vj_api+math;0;CRV_CN.jpeg
74131036;CRV 1-17CN;CRV 1;130830;1,1;1.6;81;32;2 / 2900;vj_api+math;0;CRV_CN.jpeg
74131037;CRV 1-19CN;CRV 1;141480;1,1;1.6;91;32;2 / 2900;vj_api+math;0;CRV_CN.jpeg
74131038;CRV 1-21CN;CRV 1;147860;1,1;1.6;100;32;2 / 2900;vj_api+math;0;CRV_CN.jpeg
74131039;CRV 1-23CN;CRV 1;168600;1,1;1.6;109;32;2 / 2900;vj_api+math;0;CRV_CN.jpeg
74131040;CRV 1-25CN;CRV 1;171440;1,5;1.6;119;32;2 / 2900;vj_api+math;0;CRV_CN.jpeg
74131041;CRV 1-27CN;CRV 1;176350;1,5;1.6;129;32;2 / 2900;vj_api+math;0;CRV_CN.jpeg
74131042;CRV 1-30CN;CRV 1;180540;1,5;1.6;144;32;2 / 2900;vj_api+math;0;CRV_CN.jpeg
74131043;CRV 1-33CN;CRV 1;232330;2,2;1.6;159;32;2 / 2900;vj_api+math;0;CRV_CN.jpeg
74131044;CRV 1-36CN;CRV 1;245360;2,2;1.6;174;32;2 / 2900;vj_api+math;0;CRV_CN.jpeg
74133024;CRV 3-2CN;CRV 3;57370;0,37;3;8.5;32;2 / 2900;vj_api+math;0;CRV_CN.jpeg
74133025;CRV 3-3CN;CRV 3;65470;0,37;3;12.8;32;2 / 2900;vj_api+math;0;CRV_CN.jpeg
74133026;CRV 3-4CN;CRV 3;72830;0,37;3;17.3;32;2 / 2900;vj_api+math;0;CRV_CN.jpeg
74133027;CRV 3-5CN;CRV 3;76210;0,37;3;22;32;2 / 2900;vj_api+math;0;CRV_CN.jpeg
74133028;CRV 3-6CN;CRV 3;80040;0,55;3;26;32;2 / 2900;vj_api+math;0;CRV_CN.jpeg
74133029;CRV 3-7CN;CRV 3;92690;0,55;3;31;32;2 / 2900;vj_api+math;0;CRV_CN.jpeg
74133030;CRV 3-8CN;CRV 3;96970;0,75;3;35;32;2 / 2900;vj_api+math;0;CRV_CN.jpeg
74133031;CRV 3-9CN;CRV 3;101700;0,75;3;39;32;2 / 2900;vj_api+math;0;CRV_CN.jpeg
74133032;CRV 3-10CN;CRV 3;104980;0,75;3;43;32;2 / 2900;vj_api+math;0;CRV_CN.jpeg
74133033;CRV 3-11CN;CRV 3;111890;1,1;3;48;32;2 / 2900;vj_api+math;0;CRV_CN.jpeg
74133034;CRV 3-12CN;CRV 3;119260;1,1;3;52;32;2 / 2900;vj_api+math;0;CRV_CN.jpeg
74133035;CRV 3-13CN;CRV 3;125730;1,1;3;57;32;2 / 2900;vj_api+math;0;CRV_CN.jpeg
74133036;CRV 3-15CN;CRV 3;130830;1,1;3;67;32;2 / 2900;vj_api+math;0;CRV_CN.jpeg
74133037;CRV 3-17CN;CRV 3;136920;1,5;3;78;32;2 / 2900;vj_api+math;0;CRV_CN.jpeg
74133038;CRV 3-19CN;CRV 3;141030;1,5;3;87;32;2 / 2900;vj_api+math;0;CRV_CN.jpeg
74133039;CRV 3-21CN;CRV 3;150590;2,2;3;95;32;2 / 2900;vj_api+math;0;CRV_CN.jpeg
74133040;CRV 3-23CN;CRV 3;158950;2,2;3;104;32;2 / 2900;vj_api+math;0;CRV_CN.jpeg
74133041;CRV 3-25CN;CRV 3;168420;2,2;3;113;32;2 / 2900;vj_api+math;0;CRV_CN.jpeg
74133042;CRV 3-27CN;CRV 3;175170;2,2;3;122;32;2 / 2900;vj_api+math;0;CRV_CN.jpeg
74133043;CRV 3-29CN;CRV 3;181270;2,2;3;131;32;2 / 2900;vj_api+math;0;CRV_CN.jpeg
74133044;CRV 3-31CN;CRV 3;187360;3;3;140;32;2 / 2900;vj_api+math;0;CRV_CN.jpeg
74133045;CRV 3-33CN;CRV 3;192090;3;3;149;32;2 / 2900;vj_api+math;0;CRV_CN.jpeg
74133046;CRV 3-36CN;CRV 3;198640;3;3;166;32;2 / 2900;vj_api+math;0;CRV_CN.jpeg
74135024;CRV 5-2CN;CRV 5;58910;0,37;5;10.8;32;2 / 2900;vj_api+math;0;CRV_CN.jpeg
74135025;CRV 5-3CN;CRV 5;67110;0,55;5;14.9;32;2 / 2900;vj_api+math;0;CRV_CN.jpeg
74135026;CRV 5-4CN;CRV 5;74580;0,55;5;19.7;32;2 / 2900;vj_api+math;0;CRV_CN.jpeg
74135027;CRV 5-5CN;CRV 5;81210;0,75;5;24;32;2 / 2900;vj_api+math;0;CRV_CN.jpeg
74135028;CRV 5-6CN;CRV 5;91950;1,1;5;30;32;2 / 2900;vj_api+math;0;CRV_CN.jpeg
74135029;CRV 5-7CN;CRV 5;94970;1,1;5;35;32;2 / 2900;vj_api+math;0;CRV_CN.jpeg
74135030;CRV 5-8CN;CRV 5;99880;1,1;5;40;32;2 / 2900;vj_api+math;0;CRV_CN.jpeg
74135031;CRV 5-9CN;CRV 5;104620;1,5;5;45;32;2 / 2900;vj_api+math;0;CRV_CN.jpeg
74135032;CRV 5-10CN;CRV 5;114270;1,5;5;50;32;2 / 2900;vj_api+math;0;CRV_CN.jpeg
74135033;CRV 5-11CN;CRV 5;119450;2,2;5;56;32;2 / 2900;vj_api+math;0;CRV_CN.jpeg
74135034;CRV 5-12CN;CRV 5;126550;2,2;5;62;32;2 / 2900;vj_api+math;0;CRV_CN.jpeg
74135035;CRV 5-13CN;CRV 5;127920;2,2;5;67;32;2 / 2900;vj_api+math;0;CRV_CN.jpeg
74135036;CRV 5-14CN;CRV 5;129830;2,2;5;73;32;2 / 2900;vj_api+math;0;CRV_CN.jpeg
74135037;CRV 5-15CN;CRV 5;131830;2,2;5;80;32;2 / 2900;vj_api+math;0;CRV_CN.jpeg
74135038;CRV 5-16CN;CRV 5;134480;2,2;5;85;32;2 / 2900;vj_api+math;0;CRV_CN.jpeg
74135039;CRV 5-18CN;CRV 5;157230;3;5;95;32;2 / 2900;vj_api+math;0;CRV_CN.jpeg
74135040;CRV 5-20CN;CRV 5;162780;3;5;105;32;2 / 2900;vj_api+math;0;CRV_CN.jpeg
74135041;CRV 5-22CN;CRV 5;201560;4;5;115;32;2 / 2900;vj_api+math;0;CRV_CN.jpeg
74135042;CRV 5-24CN;CRV 5;213940;4;5;127;32;2 / 2900;vj_api+math;0;CRV_CN.jpeg
74135043;CRV 5-26CN;CRV 5;226960;4;5;137;32;2 / 2900;vj_api+math;0;CRV_CN.jpeg
74135044;CRV 5-29CN;CRV 5;271760;4;5;155;32;2 / 2900;vj_api+math;0;CRV_CN.jpeg
74135045;CRV 5-32CN;CRV 5;291050;5,5;5;174;32;2 / 2900;vj_api+math;0;CRV_CN.jpeg
74135046;CRV 5-36CN;CRV 5;305440;5,5;5;196;32;2 / 2900;vj_api+math;0;CRV_CN.jpeg
74137017;CRV 10-1CN;CRV 10;88680;0,37;10;8.6;40;2 / 2900;vj_api+math;0;CRV_CN.jpeg
74137018;CRV 10-2CN;CRV 10;92590;0,75;10;15.8;40;2 / 2900;vj_api+math;0;CRV_CN.jpeg
74137019;CRV 10-3CN;CRV 10;104700;1,1;10;25;40;2 / 2900;vj_api+math;0;CRV_CN.jpeg
74137020;CRV 10-4CN;CRV 10;122280;1,5;10;32;40;2 / 2900;vj_api+math;0;CRV_CN.jpeg
74137021;CRV 10-5CN;CRV 10;129200;2,2;10;39;40;2 / 2900;vj_api+math;0;CRV_CN.jpeg
74137022;CRV 10-6CN;CRV 10;138750;2,2;10;46;40;2 / 2900;vj_api+math;0;CRV_CN.jpeg
74137023;CRV 10-7CN;CRV 10;163690;3;10;53;40;2 / 2900;vj_api+math;0;CRV_CN.jpeg
74137024;CRV 10-8CN;CRV 10;180800;3;10;62;40;2 / 2900;vj_api+math;0;CRV_CN.jpeg
74137025;CRV 10-9CN;CRV 10;191370;3;10;71;40;2 / 2900;vj_api+math;0;CRV_CN.jpeg
74137026;CRV 10-10CN;CRV 10;237060;4;10;80;40;2 / 2900;vj_api+math;0;CRV_CN.jpeg
74137027;CRV 10-12CN;CRV 10;282860;4;10;94;40;2 / 2900;vj_api+math;0;CRV_CN.jpeg
74137028;CRV 10-14CN;CRV 10;324450;5,5;10;109;40;2 / 2900;vj_api+math;0;CRV_CN.jpeg
74137029;CRV 10-16CN;CRV 10;356140;5,5;10;124;40;2 / 2900;vj_api+math;0;CRV_CN.jpeg
74137030;CRV 10-18CN;CRV 10;374620;7,5;10;142;40;2 / 2900;vj_api+math;0;CRV_CN.jpeg
74137031;CRV 10-20CN;CRV 10;392190;7,5;10;158;40;2 / 2900;vj_api+math;0;CRV_CN.jpeg
74137032;CRV 10-22CN;CRV 10;468020;7,5;10;175;40;2 / 2900;vj_api+math;0;CRV_CN.jpeg
74138014;CRV 15-1CN;CRV 15;122540;1,1;15;11.3;50;2 / 2900;vj_api+math;0;CRV_CN.jpeg
74138015;CRV 15-2CN;CRV 15;142300;2,2;15;22;50;2 / 2900;vj_api+math;0;CRV_CN.jpeg
74138016;CRV 15-3CN;CRV 15;176260;3;15;33;50;2 / 2900;vj_api+math;0;CRV_CN.jpeg
74138017;CRV 15-4CN;CRV 15;203840;4;15;44;50;2 / 2900;vj_api+math;0;CRV_CN.jpeg
74138018;CRV 15-5CN;CRV 15;234150;4;15;56;50;2 / 2900;vj_api+math;0;CRV_CN.jpeg
74138019;CRV 15-6CN;CRV 15;263650;5,5;15;68;50;2 / 2900;vj_api+math;0;CRV_CN.jpeg
74138020;CRV 15-7CN;CRV 15;271660;5,5;15;80;50;2 / 2900;vj_api+math;0;CRV_CN.jpeg
74138021;CRV 15-8CN;CRV 15;295600;7,5;15;93;50;2 / 2900;vj_api+math;0;CRV_CN.jpeg
74138022;CRV 15-9CN;CRV 15;306620;7,5;15;105;50;2 / 2900;vj_api+math;0;CRV_CN.jpeg
74138023;CRV 15-10CN;CRV 15;353400;11;15;119;50;2 / 2900;vj_api+math;0;CRV_CN.jpeg
74138024;CRV 15-12CN;CRV 15;411220;11;15;139;50;2 / 2900;vj_api+math;0;CRV_CN.jpeg
74138025;CRV 15-14CN;CRV 15;439070;11;15;160;50;2 / 2900;vj_api+math;0;CRV_CN.jpeg
74138026;CRV 15-17CN;CRV 15;510630;15;15;194;50;2 / 2900;vj_api+math;0;CRV_CN.jpeg
74139013;CRV 20-1CN;CRV 20;144760;1,1;20;10.4;50;2 / 2900;vj_api+math;0;CRV_CN.jpeg
74139014;CRV 20-2CN;CRV 20;168150;2,2;20;21;50;2 / 2900;vj_api+math;0;CRV_CN.jpeg
74139015;CRV 20-3CN;CRV 20;222870;4;20;32;50;2 / 2900;vj_api+math;0;CRV_CN.jpeg
74139016;CRV 20-4CN;CRV 20;268110;5,5;20;43;50;2 / 2900;vj_api+math;0;CRV_CN.jpeg
74139017;CRV 20-5CN;CRV 20;284040;5,5;20;54;50;2 / 2900;vj_api+math;0;CRV_CN.jpeg
74139018;CRV 20-6CN;CRV 20;322090;7,5;20;65;50;2 / 2900;vj_api+math;0;CRV_CN.jpeg
74139019;CRV 20-7CN;CRV 20;330380;7,5;20;76;50;2 / 2900;vj_api+math;0;CRV_CN.jpeg
74139020;CRV 20-8CN;CRV 20;377980;11;20;88;50;2 / 2900;vj_api+math;0;CRV_CN.jpeg
74139021;CRV 20-10CN;CRV 20;393560;11;20;111;50;2 / 2900;vj_api+math;0;CRV_CN.jpeg
74139022;CRV 20-12CN;CRV 20;459010;15;20;134;50;2 / 2900;vj_api+math;0;CRV_CN.jpeg
74139023;CRV 20-14CN;CRV 20;511450;15;20;159;50;2 / 2900;vj_api+math;0;CRV_CN.jpeg
74141029;CRV 32-1-1CN;CRV 32;198100;1,5;32;9.9;65;2 / 2900;vj_api+math;0;CRV_CN.jpeg
74141030;CRV 32-1CN;CRV 32;202650;2,2;32;13;65;2 / 2900;vj_api+math;0;CRV_CN.jpeg
74141031;CRV 32-2-2CN;CRV 32;223960;3;32;19.1;65;2 / 2900;vj_api+math;0;CRV_CN.jpeg
74141032;CRV 32-2CN;CRV 32;253810;4;32;24;65;2 / 2900;vj_api+math;0;CRV_CN.jpeg
74141033;CRV 32-3-2CN;CRV 32;322460;5,5;32;31;65;2 / 2900;vj_api+math;0;CRV_CN.jpeg
74141034;CRV 32-3CN;CRV 32;336030;5,5;32;37;65;2 / 2900;vj_api+math;0;CRV_CN.jpeg
74141035;CRV 32-4-2CN;CRV 32;377260;7,5;32;44;65;2 / 2900;vj_api+math;0;CRV_CN.jpeg
74141036;CRV 32-4CN;CRV 32;377260;7,5;32;50;65;2 / 2900;vj_api+math;0;CRV_CN.jpeg
74141037;CRV 32-5-2CN;CRV 32;460920;11;32;56;65;2 / 2900;vj_api+math;0;CRV_CN.jpeg
74141038;CRV 32-5CN;CRV 32;460920;11;32;62;65;2 / 2900;vj_api+math;0;CRV_CN.jpeg
74141039;CRV 32-6-2CN;CRV 32;464280;11;32;69;65;2 / 2900;vj_api+math;0;CRV_CN.jpeg
74141040;CRV 32-6CN;CRV 32;464280;11;32;77;65;2 / 2900;vj_api+math;0;CRV_CN.jpeg
74141041;CRV 32-7-2CN;CRV 32;532020;15;32;84;65;2 / 2900;vj_api+math;0;CRV_CN.jpeg
74141042;CRV 32-7CN;CRV 32;532020;15;32;90;65;2 / 2900;vj_api+math;0;CRV_CN.jpeg
74141043;CRV 32-8-2CN;CRV 32;555870;15;32;97;65;2 / 2900;vj_api+math;0;CRV_CN.jpeg
74141044;CRV 32-8CN;CRV 32;555870;15;32;103;65;2 / 2900;vj_api+math;0;CRV_CN.jpeg
74141045;CRV 32-9-2CN;CRV 32;632990;18,5;32;111;65;2 / 2900;vj_api+math;0;CRV_CN.jpeg
74141046;CRV 32-9CN;CRV 32;632990;18,5;32;118;65;2 / 2900;vj_api+math;0;CRV_CN.jpeg
74141047;CRV 32-10-2CN;CRV 32;661280;18,5;32;125;65;2 / 2900;vj_api+math;0;CRV_CN.jpeg
74141048;CRV 32-10CN;CRV 32;661280;18,5;32;131;65;2 / 2900;vj_api+math;0;CRV_CN.jpeg
74141049;CRV 32-11-2CN;CRV 32;760610;22;32;138;65;2 / 2900;vj_api+math;0;CRV_CN.jpeg
74141050;CRV 32-11CN;CRV 32;760610;22;32;145;65;2 / 2900;vj_api+math;0;CRV_CN.jpeg
74141051;CRV 32-12-2CN;CRV 32;793750;22;32;152;65;2 / 2900;vj_api+math;0;CRV_CN.jpeg
74141052;CRV 32-12CN;CRV 32;793750;22;32;158;65;2 / 2900;vj_api+math;0;CRV_CN.jpeg
74141053;CRV 32-13-2CN;CRV 32;По запросу;30;32;165;65;2 / 2900;vj_api+math;0;CRV_CN.jpeg
74141054;CRV 32-13CN;CRV 32;По запросу;30;32;173;65;2 / 2900;vj_api+math;0;CRV_CN.jpeg
74141055;CRV 32-14-2CN;CRV 32;По запросу;30;32;181;65;2 / 2900;vj_api+math;0;CRV_CN.jpeg
74141056;CRV 32-14CN;CRV 32;По запросу;30;32;188;65;2 / 2900;vj_api+math;0;CRV_CN.jpeg
74142025;CRV 45-1-1CN;CRV 45;213490;3;45;15;80;2 / 2900;vj_api+math;0;CRV_CN.jpeg
74142026;CRV 45-1CN;CRV 45;251730;4;45;19.8;80;2 / 2900;vj_api+math;0;CRV_CN.jpeg
74142027;CRV 45-2-2CN;CRV 45;343120;5,5;45;30;80;2 / 2900;vj_api+math;0;CRV_CN.jpeg
74142028;CRV 45-2CN;CRV 45;397570;7,5;45;38;80;2 / 2900;vj_api+math;0;CRV_CN.jpeg
74142029;CRV 45-3-2CN;CRV 45;511810;11;45;49;80;2 / 2900;vj_api+math;0;CRV_CN.jpeg
74142030;CRV 45-3CN;CRV 45;513440;11;45;57;80;2 / 2900;vj_api+math;0;CRV_CN.jpeg
74142031;CRV 45-4-2CN;CRV 45;654830;15;45;69;80;2 / 2900;vj_api+math;0;CRV_CN.jpeg
74142032;CRV 45-4CN;CRV 45;656460;15;45;77;80;2 / 2900;vj_api+math;0;CRV_CN.jpeg
74142033;CRV 45-5-2CN;CRV 45;824160;18,5;45;88;80;2 / 2900;vj_api+math;0;CRV_CN.jpeg
74142034;CRV 45-5CN;CRV 45;825690;18,5;45;97;80;2 / 2900;vj_api+math;0;CRV_CN.jpeg
74142035;CRV 45-6-2CN;CRV 45;952330;22;45;108;80;2 / 2900;vj_api+math;0;CRV_CN.jpeg
74142036;CRV 45-6CN;CRV 45;953790;22;45;117;80;2 / 2900;vj_api+math;0;CRV_CN.jpeg
74142037;CRV 45-7-2CN;CRV 45;По запросу;30;45;127;80;2 / 2900;vj_api+math;0;CRV_CN.jpeg
74142038;CRV 45-7CN;CRV 45;По запросу;30;45;135;80;2 / 2900;vj_api+math;0;CRV_CN.jpeg
74142039;CRV 45-8-2CN;CRV 45;По запросу;30;45;146;80;2 / 2900;vj_api+math;0;CRV_CN.jpeg
74142040;CRV 45-8CN;CRV 45;По запросу;30;45;155;80;2 / 2900;vj_api+math;0;CRV_CN.jpeg
74142041;CRV 45-9-2CN;CRV 45;По запросу;30;45;167;80;2 / 2900;vj_api+math;0;CRV_CN.jpeg
74142042;CRV 45-9CN;CRV 45;По запросу;37;45;176;80;2 / 2900;vj_api+math;0;CRV_CN.jpeg
74142043;CRV 45-10-2CN;CRV 45;По запросу;37;45;186;80;2 / 2900;vj_api+math;0;CRV_CN.jpeg
74142044;CRV 45-10CN;CRV 45;По запросу;37;45;195;80;2 / 2900;vj_api+math;0;CRV_CN.jpeg
74142045;CRV 45-11-2CN;CRV 45;По запросу;45;45;208;80;2 / 2900;vj_api+math;0;CRV_CN.jpeg
74142046;CRV 45-11CN;CRV 45;По запросу;45;45;216;80;2 / 2900;vj_api+math;0;CRV_CN.jpeg
74142047;CRV 45-12-2CN;CRV 45;По запросу;45;45;228;80;2 / 2900;vj_api+math;0;CRV_CN.jpeg
74142048;CRV 45-12CN;CRV 45;По запросу;45;45;238;80;2 / 2900;vj_api+math;0;CRV_CN.jpeg
74142049;CRV 45-13-2CN;CRV 45;По запросу;45;45;248;80;2 / 2900;vj_api+math;0;CRV_CN.jpeg
74143020;CRV 64-1-1CN;CRV 64;248270;4;64;13.4;100;2 / 2900;vj_api+math;0;CRV_CN.jpeg
74143021;CRV 64-1CN;CRV 64;326920;5,5;64;19.1;100;2 / 2900;vj_api+math;0;CRV_CN.jpeg
74143022;CRV 64-2-2CN;CRV 64;387190;7,5;64;26;100;2 / 2900;vj_api+math;0;CRV_CN.jpeg
74143023;CRV 64-2-1CN;CRV 64;532480;11;64;34;100;2 / 2900;vj_api+math;0;CRV_CN.jpeg
74143024;CRV 64-2CN;CRV 64;533290;11;64;40;100;2 / 2900;vj_api+math;0;CRV_CN.jpeg
74143025;CRV 64-3-2CN;CRV 64;675670;15;64;47;100;2 / 2900;vj_api+math;0;CRV_CN.jpeg
74143026;CRV 64-3-1CN;CRV 64;677040;15;64;53;100;2 / 2900;vj_api+math;0;CRV_CN.jpeg
74143027;CRV 64-3CN;CRV 64;763060;18,5;64;60;100;2 / 2900;vj_api+math;0;CRV_CN.jpeg
74143028;CRV 64-4-2CN;CRV 64;769800;18,5;64;66;100;2 / 2900;vj_api+math;0;CRV_CN.jpeg
74143029;CRV 64-4-1CN;CRV 64;909810;22;64;73;100;2 / 2900;vj_api+math;0;CRV_CN.jpeg
74143030;CRV 64-4CN;CRV 64;910820;22;64;80;100;2 / 2900;vj_api+math;0;CRV_CN.jpeg
74143031;CRV 64-5-2CN;CRV 64;По запросу;30;64;88;100;2 / 2900;vj_api+math;0;CRV_CN.jpeg
74143032;CRV 64-5-1CN;CRV 64;По запросу;30;64;95;100;2 / 2900;vj_api+math;0;CRV_CN.jpeg
74143033;CRV 64-5CN;CRV 64;По запросу;30;64;102;100;2 / 2900;vj_api+math;0;CRV_CN.jpeg
74143034;CRV 64-6-2CN;CRV 64;По запросу;30;64;110;100;2 / 2900;vj_api+math;0;CRV_CN.jpeg
74143035;CRV 64-6-1CN;CRV 64;По запросу;37;64;118;100;2 / 2900;vj_api+math;0;CRV_CN.jpeg
74143036;CRV 64-6CN;CRV 64;По запросу;37;64;124;100;2 / 2900;vj_api+math;0;CRV_CN.jpeg
74143037;CRV 64-7-2CN;CRV 64;По запросу;37;64;132;100;2 / 2900;vj_api+math;0;CRV_CN.jpeg
74143038;CRV 64-7-1CN;CRV 64;По запросу;37;64;140;100;2 / 2900;vj_api+math;0;CRV_CN.jpeg
74143039;CRV 64-7CN;CRV 64;По запросу;45;64;146;100;2 / 2900;vj_api+math;0;CRV_CN.jpeg
74143040;CRV 64-8-2CN;CRV 64;По запросу;45;64;154;100;2 / 2900;vj_api+math;0;CRV_CN.jpeg
74143041;CRV 64-8-1CN;CRV 64;По запросу;45;64;162;100;2 / 2900;vj_api+math;0;CRV_CN.jpeg
74144008;CRV 90-1-1CN;CRV 90;439260;5,5;90;12.9;100;2 / 2900;vj_api+math;0;CRV_CN.jpeg
74144009;CRV 90-1CN;CRV 90;476850;7,5;90;19;100;2 / 2900;vj_api+math;0;CRV_CN.jpeg
74144010;CRV 90-2-2CN;CRV 90;528290;11;90;27;100;2 / 2900;vj_api+math;0;CRV_CN.jpeg
74144011;CRV 90-2CN;CRV 90;685780;15;90;40;100;2 / 2900;vj_api+math;0;CRV_CN.jpeg
74144012;CRV 90-3-2CN;CRV 90;796290;18,5;90;48;100;2 / 2900;vj_api+math;0;CRV_CN.jpeg
74144013;CRV 90-3CN;CRV 90;874500;22;90;61;100;2 / 2900;vj_api+math;0;CRV_CN.jpeg
74144014;CRV 90-4-2CN;CRV 90;По запросу;30;90;71;100;2 / 2900;vj_api+math;0;CRV_CN.jpeg
74144015;CRV 90-4CN;CRV 90;По запросу;30;90;84;100;2 / 2900;vj_api+math;0;CRV_CN.jpeg
74144016;CRV 90-5-2CN;CRV 90;По запросу;37;90;94;100;2 / 2900;vj_api+math;0;CRV_CN.jpeg
74144017;CRV 90-5CN;CRV 90;По запросу;37;90;107;100;2 / 2900;vj_api+math;0;CRV_CN.jpeg
74144018;CRV 90-6-2CN;CRV 90;По запросу;45;90;117;100;2 / 2900;vj_api+math;0;CRV_CN.jpeg
74144019;CRV 90-6CN;CRV 90;По запросу;45;90;129;100;2 / 2900;vj_api+math;0;CRV_CN.jpeg
74145001;CRV 120-1CN;CRV 120;787010;11;120;18.4;150;2 / 2900;vj_api+math;0;CRV_CN.jpeg
74145003;CRV 120-2-2CN;CRV 120;912100;15;120;28;150;2 / 2900;vj_api+math;0;CRV_CN.jpeg
74145002;CRV 120-2-1CN;CRV 120;1048730;18,5;120;34;150;2 / 2900;vj_api+math;0;CRV_CN.jpeg
74145004;CRV 120-2CN;CRV 120;1281410;22;120;39;150;2 / 2900;vj_api+math;0;CRV_CN.jpeg
74145005;CRV 120-3-1CN;CRV 120;По запросу;30;120;55;150;2 / 2900;vj_api+math;0;CRV_CN.jpeg
74145006;CRV 120-3-2CN;CRV 120;По запросу;30;120;48;150;2 / 2900;vj_api+math;0;CRV_CN.jpeg
74145007;CRV 120-3CN;CRV 120;По запросу;30;120;60;150;2 / 2900;vj_api+math;0;CRV_CN.jpeg
74145008;CRV 120-4-1CN;CRV 120;По запросу;37;120;75;150;2 / 2900;vj_api+math;0;CRV_CN.jpeg
74145009;CRV 120-4-2CN;CRV 120;По запросу;37;120;69;150;2 / 2900;vj_api+math;0;CRV_CN.jpeg
74145010;CRV 120-4CN;CRV 120;По запросу;45;120;80;150;2 / 2900;vj_api+math;0;CRV_CN.jpeg
74145011;CRV 120-5-1CN;CRV 120;По запросу;45;120;96;150;2 / 2900;vj_api+math;0;CRV_CN.jpeg
74145012;CRV 120-5-2CN;CRV 120;По запросу;45;120;89;150;2 / 2900;vj_api+math;0;CRV_CN.jpeg
74145013;CRV 120-5CN;CRV 120;По запросу;55;120;100;150;2 / 2900;vj_api+math;0;CRV_CN.jpeg
74145014;CRV 120-6-1CN;CRV 120;По запросу;55;120;116;150;2 / 2900;vj_api+math;0;CRV_CN.jpeg
74145015;CRV 120-6-2CN;CRV 120;По запросу;55;120;109;150;2 / 2900;vj_api+math;0;CRV_CN.jpeg
74145016;CRV 120-6CN;CRV 120;По запросу;75;120;121;150;2 / 2900;vj_api+math;0;CRV_CN.jpeg
74145017;CRV 120-7-1CN;CRV 120;По запросу;75;120;135;150;2 / 2900;vj_api+math;0;CRV_CN.jpeg
74145018;CRV 120-7-2CN;CRV 120;По запросу;75;120;129;150;2 / 2900;vj_api+math;0;CRV_CN.jpeg
74145019;CRV 120-7CN;CRV 120;По запросу;75;120;142;150;2 / 2900;vj_api+math;0;CRV_CN.jpeg
74147002;CRV 200-1CN BI;CRV 200;По запросу;18,5;200;19.6;150;2 / 2900;vj_api+math;0;CRV_CN.jpeg
74147001;CRV 200-1CN AI;CRV 200;По запросу;22;200;24;150;2 / 2900;vj_api+math;0;CRV_CN.jpeg
74147003;CRV 200-1CN;CRV 200;По запросу;30;200;34;150;2 / 2900;vj_api+math;0;CRV_CN.jpeg
74147004;CRV 200-2CN BI;CRV 200;По запросу;37;200;40;150;2 / 2900;vj_api+math;0;CRV_CN.jpeg
74147005;CRV 200-2CN AI;CRV 200;По запросу;45;200;48;150;2 / 2900;vj_api+math;0;CRV_CN.jpeg
74147006;CRV 200-2-1CN AI;CRV 200;По запросу;55;200;58;150;2 / 2900;vj_api+math;0;CRV_CN.jpeg
74147007;CRV 200-2CN;CRV 200;По запросу;55;200;68;150;2 / 2900;vj_api+math;0;CRV_CN.jpeg
74147008;CRV 200-3-2CN ABI;CRV 200;По запросу;75;200;78;150;2 / 2900;vj_api+math;0;CRV_CN.jpeg
74147009;CRV 200-3-2CN BI;CRV 200;По запросу;75;200;74;150;2 / 2900;vj_api+math;0;CRV_CN.jpeg
74147010;CRV 200-3-2CN AI;CRV 200;По запросу;75;200;83;150;2 / 2900;vj_api+math;0;CRV_CN.jpeg
74147011;CRV 200-3-1CN BI;CRV 200;По запросу;75;200;88;150;2 / 2900;vj_api+math;0;CRV_CN.jpeg
74147012;CRV 200-3-1CN AI;CRV 200;По запросу;75;200;92;150;2 / 2900;vj_api+math;0;CRV_CN.jpeg
74147013;CRV 200-3CN;CRV 200;По запросу;90;200;102;150;2 / 2900;vj_api+math;0;CRV_CN.jpeg
74147014;CRV 200-4-2CN BI;CRV 200;По запросу;90;200;109;150;2 / 2900;vj_api+math;0;CRV_CN.jpeg
74147015;CRV 200-4-2CN AI;CRV 200;По запросу;110;200;117;150;2 / 2900;vj_api+math;0;CRV_CN.jpeg
74147016;CRV 200-4-1CN AI;CRV 200;По запросу;110;200;127;150;2 / 2900;vj_api+math;0;CRV_CN.jpeg
74147017;CRV 200-4CN;CRV 200;По запросу;110;200;137;150;2 / 2900;vj_api+math;0;CRV_CN.jpeg
;CRV 320-1-1CN;CRV 320;По запросу;30;320;5.7;;2 / 2900;math;0;
;CRV 320-1CN;CRV 320;По запросу;45;320;5.7;;2 / 2900;math;0;
;CRV 320-2-2CN;CRV 320;По запросу;55;320;11.4;;2 / 2900;math;0;
;CRV 320-2-1CN;CRV 320;По запросу;75;320;11.4;;2 / 2900;math;0;
;CRV 320-2CN;CRV 320;По запросу;90;320;11.4;;2 / 2900;math;0;
;CRV 320-3-2CN;CRV 320;По запросу;110;320;17.1;;2 / 2900;math;0;
;CRV 320-3-1CN;CRV 320;По запросу;110;320;17.1;;2 / 2900;math;0;
74146002;CRV 150-1-1CN;CRV 150;787010;11;150;12.6;150;2 / 2900;vj_api+math;0;CRV_CN.jpeg
74146003;CRV 150-1CN;CRV 150;821870;15;150;18.2;150;2 / 2900;vj_api+math;0;CRV_CN.jpeg
74146004;CRV 150-2-1CN;CRV 150;1281410;22;150;34;150;2 / 2900;vj_api+math;0;CRV_CN.jpeg
74146005;CRV 150-2-2CN;CRV 150;1048730;22;150;27;150;2 / 2900;vj_api+math;0;CRV_CN.jpeg
74146006;CRV 150-2CN;CRV 150;По запросу;30;150;39;150;2 / 2900;vj_api+math;0;CRV_CN.jpeg
74146008;CRV 150-3-2CN;CRV 150;По запросу;30;150;49;150;2 / 2900;vj_api+math;0;CRV_CN.jpeg
74146007;CRV 150-3-1CN;CRV 150;По запросу;37;150;56;150;2 / 2900;vj_api+math;0;CRV_CN.jpeg
74146009;CRV 150-3CN;CRV 150;По запросу;37;150;62;150;2 / 2900;vj_api+math;0;CRV_CN.jpeg
74146010;CRV 150-4-1CN;CRV 150;По запросу;45;150;76;150;2 / 2900;vj_api+math;0;CRV_CN.jpeg
74146011;CRV 150-4-2CN;CRV 150;По запросу;45;150;69;150;2 / 2900;vj_api+math;0;CRV_CN.jpeg
74146012;CRV 150-4CN;CRV 150;По запросу;55;150;83;150;2 / 2900;vj_api+math;0;CRV_CN.jpeg
74146014;CRV 150-5-2CN;CRV 150;По запросу;55;150;90;150;2 / 2900;vj_api+math;0;CRV_CN.jpeg
74146013;CRV 150-5-1CN;CRV 150;По запросу;75;150;98;150;2 / 2900;vj_api+math;0;CRV_CN.jpeg
74146015;CRV 150-5CN;CRV 150;По запросу;75;150;105;150;2 / 2900;vj_api+math;0;CRV_CN.jpeg
74146016;CRV 150-6-1CN;CRV 150;По запросу;75;150;119;150;2 / 2900;vj_api+math;0;CRV_CN.jpeg
74146017;CRV 150-6-2CN;CRV 150;По запросу;75;150;111;150;2 / 2900;vj_api+math;0;CRV_CN.jpeg
74146018;CRV 150-6CN;CRV 150;По запросу;75;150;120;150;2 / 2900;vj_api+math;0;CRV_CN.jpeg
74212001;VCM 2-2C;VCM 2;23420;0,25;2;18;;2 / 2900;vj_api+math;1;VCM.jpeg
74212002;VCM 2-3C;VCM 2;24600;0,37;2;24;;2 / 2900;vj_api+math;1;VCM.jpeg
74212003;VCM 2-4C;VCM 2;28630;0,55;2;33;;2 / 2900;vj_api+math;1;VCM.jpeg
74212004;VCM 2-5C;VCM 2;37370;0,55;2;40;;2 / 2900;vj_api+math;1;VCM.jpeg
74212005;VCM 2-6C;VCM 2;38470;0,75;2;47;;2 / 2900;vj_api+math;1;VCM.jpeg
74212057;VCM 2-2C;VCM 2;24780;0,25;3.2;14.8;;2 / 2900;vj_api+math;0;VCM.jpeg
74212058;VCM 2-3C;VCM 2;25970;0,37;3.2;19.1;;2 / 2900;vj_api+math;0;VCM.jpeg
74212059;VCM 2-4C;VCM 2;30300;0,55;3.2;26;;2 / 2900;vj_api+math;0;VCM.jpeg
74212060;VCM 2-5C;VCM 2;39540;0,55;3.2;32;;2 / 2900;vj_api+math;0;VCM.jpeg
74212061;VCM 2-6C;VCM 2;40720;0,75;3.2;36;;2 / 2900;vj_api+math;0;VCM.jpeg
74212006;VCM 4-2C;VCM 4;25880;0,37;4;15.5;;2 / 2900;vj_api+math;0;VCM.jpeg
74212007;VCM 4-3C;VCM 4;31670;0,55;4;22.5;;2 / 2900;vj_api+math;0;VCM.jpeg
74212008;VCM 4-4C;VCM 4;36000;0,75;4;31;;2 / 2900;vj_api+math;1;VCM.jpeg
74212009;VCM 4-5C;VCM 4;42990;0,75;4;38;;2 / 2900;vj_api+math;1;VCM.jpeg
74212010;VCM 4-6C;VCM 4;47710;1;4;46;;2 / 2900;vj_api+math;1;VCM.jpeg
74212062;VCM 4-2C;VCM 4;27350;0,37;4;15.7;;2 / 2900;vj_api+math;0;VCM.jpeg
74212063;VCM 4-3C;VCM 4;33540;0,55;4;23;;2 / 2900;vj_api+math;0;VCM.jpeg
74212064;VCM 4-4C;VCM 4;38160;0,75;4;32;;2 / 2900;vj_api+math;0;VCM.jpeg
74212065;VCM 4-5C;VCM 4;45540;0,75;4;40;;2 / 2900;vj_api+math;0;VCM.jpeg
74212066;VCM 4-6C;VCM 4;50460;1;4;48;;2 / 2900;vj_api+math;0;VCM.jpeg
74212011;VCM 8-1C;VCM 8;53410;0,55;8;10;;2 / 2900;vj_api+math;0;VCM.jpeg
74212012;VCM 8-2C;VCM 8;56170;0,75;8;19;;2 / 2900;vj_api+math;0;VCM.jpeg
74212013;VCM 8-3C;VCM 8;61470;1,1;8;26;;2 / 2900;vj_api+math;0;VCM.jpeg
74212014;VCM 8-4C;VCM 8;70810;1,5;8;36;;2 / 2900;vj_api+math;1;VCM.jpeg
74212015;VCM 8-5C;VCM 8;78580;2,2;8;46;;2 / 2900;vj_api+math;0;VCM.jpeg
74212067;VCM 8-1C;VCM 8;56550;0,55;10;8.2;;2 / 2900;vj_api+math;0;VCM.jpeg
74212068;VCM 8-2C;VCM 8;59500;0,75;10;16.9;;2 / 2900;vj_api+math;0;VCM.jpeg
74212069;VCM 8-3C;VCM 8;65100;1,1;10;24;;2 / 2900;vj_api+math;0;VCM.jpeg
74212070;VCM 8-4C;VCM 8;75040;1,5;10;33;;2 / 2900;vj_api+math;0;VCM.jpeg
74212016;VCM 12-1C;VCM 12;54590;0,75;12;8.5;;2 / 2900;vj_api+math;0;VCM.jpeg
74212017;VCM 12-2C;VCM 12;59900;1,1;12;19.1;;2 / 2900;vj_api+math;0;VCM.jpeg
74212018;VCM 12-3C;VCM 12;82210;1,85;12;29;;2 / 2900;vj_api+math;0;VCM.jpeg
74212019;VCM 12-4C;VCM 12;92240;2,2;12;39;;2 / 2900;vj_api+math;1;VCM.jpeg
74212020;VCM 12-5C;VCM 12;112790;3;12;49;;2 / 2900;vj_api+math;1;VCM.jpeg
74212071;VCM 12-1C;VCM 12;57730;0,75;12;8.5;;2 / 2900;vj_api+math;0;VCM.jpeg
74212072;VCM 12-2C;VCM 12;63440;1,1;12;19.1;;2 / 2900;vj_api+math;0;VCM.jpeg
74212021;VCM 15-1C;VCM 15;72860;1;15;10.2;;2 / 2900;vj_api+math;0;VCM.jpeg
74212022;VCM 15-2C;VCM 15;77010;1,5;15;24;;2 / 2900;vj_api+math;0;VCM.jpeg
74212023;VCM 15-3C;VCM 15;96360;2,2;15;31;;2 / 2900;vj_api+math;0;VCM.jpeg
74212024;VCM 15-4C;VCM 15;119570;3;15;41;;2 / 2900;vj_api+math;0;VCM.jpeg
74212073;VCM 15-1C;VCM 15;77200;1;15;10.2;;2 / 2900;vj_api+math;0;VCM.jpeg
74212074;VCM 15-2C;VCM 15;81620;1,5;15;24;;2 / 2900;vj_api+math;0;VCM.jpeg
74212025;VCM 20-1C;VCM 20;77200;1;20;10.1;;2 / 2900;vj_api+math;0;VCM.jpeg
74212026;VCM 20-2C;VCM 20;80830;1,85;20;21;;2 / 2900;vj_api+math;0;VCM.jpeg
74212027;VCM 20-3C;VCM 20;110130;3;20;31;;2 / 2900;vj_api+math;0;VCM.jpeg
74212028;VCM 20-4C;VCM 20;133140;4;20;42;;2 / 2900;vj_api+math;0;VCM.jpeg
74212075;VCM 20-1C;VCM 20;82010;1;20;10.1;;2 / 2900;vj_api+math;0;VCM.jpeg
73112101;TPV 32-120-0.75/4;TPV 32/4;88590;0,75;9;12.5;32;4 / 1450;vj_api+math;0;TPV.jpeg
73112102;TPV 32-130-0.75/2;TPV 32/2;75300;0,75;11;13.1;32;2 / 2900;vj_api+math;1;TPV.jpeg
73112103;TPV 32-170-1.1/2;TPV 32/2;77670;1,1;12;16.1;32;2 / 2900;vj_api+math;1;TPV.jpeg
73112104;TPV 32-220-1.5/2;TPV 32/2;85500;1,5;13;20;32;2 / 2900;vj_api+math;0;TPV.jpeg
73112105;TPV 32-270-2.2/2;TPV 32/2;91500;2,2;14;27;32;2 / 2900;vj_api+math;1;TPV.jpeg
73112106;TPV 32-350-3/2;TPV 32/2;110250;3;14;35;32;2 / 2900;vj_api+math;1;TPV.jpeg
73112107;TPV 32-360-4/2;TPV 32/2;131830;4;17;36;32;2 / 2900;vj_api+math;0;TPV.jpeg
73112108;TPV 32-460-5.5/2;TPV 32/2;170160;5,5;21;46;32;2 / 2900;vj_api+math;0;TPV.jpeg
73113101;TPV 40-90-0.75/4;TPV 40/4;93050;0,75;17;8.8;40;4 / 1450;vj_api+math;1;TPV.jpeg
73113102;TPV 40-120-1.1/4;TPV 40/4;101340;1,1;18;12.5;40;4 / 1450;vj_api+math;1;TPV.jpeg
73113103;TPV 40-150-1.1/2;TPV 40/2;77230;1,1;14;15.1;40;2 / 2900;vj_api+math;1;TPV.jpeg
73113104;TPV 40-190-1.5/2;TPV 40/2;80040;1,5;18;19.1;40;2 / 2900;vj_api+math;1;TPV.jpeg
73113105;TPV 40-230-2.2/2;TPV 40/2;89770;2,2;22;23;40;2 / 2900;vj_api+math;1;TPV.jpeg
73113106;TPV 40-280-3/2;TPV 40/2;109530;3;22;28;40;2 / 2900;vj_api+math;1;TPV.jpeg
73113107;TPV 40-340-4/2;TPV 40/2;127010;4;24;34;40;2 / 2900;vj_api+math;1;TPV.jpeg
73113108;TPV 40-370-5.5/2;TPV 40/2;171520;5,5;31;37;40;2 / 2900;vj_api+math;0;TPV.jpeg
73113109;TPV 40-430-7.5/2;TPV 40/2;176710;7,5;36;43;40;2 / 2900;vj_api+math;0;TPV.jpeg
73112109;TPV 32-120-0.75/4;TPV 32/4;92140;0,75;9;12.5;32;4 / 1450;vj_api+math;0;TPV.jpeg
73112110;TPV 32-130-0.75/2;TPV 32/2;78400;0,75;10;13.7;32;2 / 2900;vj_api+math;0;TPV.jpeg
73112111;TPV 32-170-1.1/2;TPV 32/2;80950;1,1;12;16.1;32;2 / 2900;vj_api+math;0;TPV.jpeg
73112112;TPV 32-220-1.5/2;TPV 32/2;88960;1,5;13;20;32;2 / 2900;vj_api+math;0;TPV.jpeg
73112113;TPV 32-270-2.2/2;TPV 32/2;98790;2,2;14;27;32;2 / 2900;vj_api+math;0;TPV.jpeg
73112114;TPV 32-350-3/2;TPV 32/2;120270;3;14;35;32;2 / 2900;vj_api+math;0;TPV.jpeg
73112115;TPV 32-360-4/2;TPV 32/2;137110;4;17;36;32;2 / 2900;vj_api+math;0;TPV.jpeg
73112116;TPV 32-460-5.5/2;TPV 32/2;176980;5,5;21;46;32;2 / 2900;vj_api+math;0;TPV.jpeg
73113110;TPV 40-90-0.75/4;TPV 40/4;96780;0,75;17;8.8;40;4 / 1450;vj_api+math;0;TPV.jpeg
73113111;TPV 40-120-1.1/4;TPV 40/4;105420;1,1;18;12.5;40;4 / 1450;vj_api+math;0;TPV.jpeg
73113112;TPV 40-150-1.1/2;TPV 40/2;79490;1,1;14;15.1;40;2 / 2900;vj_api+math;0;TPV.jpeg
73113113;TPV 40-190-1.5/2;TPV 40/2;90490;1,5;18;19.1;40;2 / 2900;vj_api+math;0;TPV.jpeg
73113114;TPV 40-230-2.2/2;TPV 40/2;96600;2,2;22;23;40;2 / 2900;vj_api+math;0;TPV.jpeg
73113115;TPV 40-280-3/2;TPV 40/2;123270;3;22;28;40;2 / 2900;vj_api+math;0;TPV.jpeg
73113116;TPV 40-340-4/2;TPV 40/2;135380;4;24;34;40;2 / 2900;vj_api+math;0;TPV.jpeg
73113117;TPV 40-370-5.5/2;TPV 40/2;181090;5,5;31;37;40;2 / 2900;vj_api+math;0;TPV.jpeg
73113118;TPV 40-430-7.5/2;TPV 40/2;192730;7,5;36;43;40;2 / 2900;vj_api+math;0;TPV.jpeg
73114101;TPV 50-130-1.1/2;TPV 50/2;83130;1,1;18;13;50;2 / 2900;vj_api+math;1;TPV.jpeg
73114102;TPV 50-170-1.5/2;TPV 50/2;91040;1,5;15;17;50;2 / 2900;vj_api+math;1;TPV.jpeg
73114103;TPV 50-190-2.2/2;TPV 50/2;96780;2,2;24;18.8;50;2 / 2900;vj_api+math;1;TPV.jpeg
73114104;TPV 50-240-3/2;TPV 50/2;115260;3;27;24;50;2 / 2900;vj_api+math;1;TPV.jpeg
73114105;TPV 50-270-4/2;TPV 50/2;130650;4;30;27;50;2 / 2900;vj_api+math;1;TPV.jpeg
73114106;TPV 50-340-5.5/2;TPV 50/2;165420;5,5;33;34;50;2 / 2900;vj_api+math;0;TPV.jpeg
73114107;TPV 50-390-7.5/2;TPV 50/2;186000;7,5;37;39;50;2 / 2900;vj_api+math;0;TPV.jpeg
73114108;TPV 50-470-11/2;TPV 50/2;252910;11;44;47;50;2 / 2900;vj_api+math;0;TPV.jpeg
73114109;TPV 50-580-15/2;TPV 50/2;271840;15;49;58;50;2 / 2900;vj_api+math;0;TPV.jpeg
73114110;TPV 50-680-18.5/2;TPV 50/2;286320;18,5;51;68;50;2 / 2900;vj_api+math;0;TPV.jpeg
73114111;TPV 50-760-22/2;TPV 50/2;345500;22;54;76;50;2 / 2900;vj_api+math;0;TPV.jpeg
73114113;TPV 50-80-0.75/4;TPV 50/4;100970;0,75;19;8.1;50;4 / 1450;vj_api+math;0;TPV.jpeg
73114112;TPV 50-90-0.75/4;TPV 50/4;87950;0,75;17;9;50;4 / 1450;vj_api+math;0;TPV.jpeg
73114114;TPV 50-110-1.1/4;TPV 50/4;109350;1,1;15;11;50;4 / 1450;vj_api+math;0;TPV.jpeg
73114115;TPV 50-120-1.5/4;TPV 50/4;116080;1,5;26;12.1;50;4 / 1450;vj_api+math;1;TPV.jpeg
73114116;TPV 50-170-2.2/4;TPV 50/4;134660;2,2;25;16.9;50;4 / 1450;vj_api+math;0;TPV.jpeg
73114117;TPV 50-210-3/4;TPV 50/4;142490;3;28;21;50;4 / 1450;vj_api+math;0;TPV.jpeg
73115101;TPV 65-150-2.2/2;TPV 65/2;98510;2,2;30;15;65;2 / 2900;vj_api+math;1;TPV.jpeg
73115102;TPV 65-180-3/2;TPV 65/2;117360;3;33;18.1;65;2 / 2900;vj_api+math;1;TPV.jpeg
73115103;TPV 65-220-4/2;TPV 65/2;133470;4;39;22;65;2 / 2900;vj_api+math;1;TPV.jpeg
73115104;TPV 65-280-5.5/2;TPV 65/2;169250;5,5;50;27;65;2 / 2900;vj_api+math;1;TPV.jpeg
73115105;TPV 65-370-7.5/2;TPV 65/2;172970;7,5;48;38;65;2 / 2900;vj_api+math;1;TPV.jpeg
73115106;TPV 65-360-11/2;TPV 65/2;251820;11;70;36;65;2 / 2900;vj_api+math;0;TPV.jpeg
73115107;TPV 65-450-15/2;TPV 65/2;273390;15;75;45;65;2 / 2900;vj_api+math;1;TPV.jpeg
73115108;TPV 65-520-18.5/2;TPV 65/2;287680;18,5;83;52;65;2 / 2900;vj_api+math;0;TPV.jpeg
73115109;TPV 65-620-22/2;TPV 65/2;348680;22;78;62;65;2 / 2900;vj_api+math;0;TPV.jpeg
73115110;TPV 65-760-30/2;TPV 65/2;По запросу;30;86;76;65;2 / 2900;vj_api+math;0;TPV.jpeg
73115111;TPV 65-840-37/2;TPV 65/2;По запросу;37;91;84;65;2 / 2900;vj_api+math;0;TPV.jpeg
73115112;TPV 65-70-0.75/4;TPV 65/4;94230;0,75;25;7.1;65;4 / 1450;vj_api+math;0;TPV.jpeg
73115113;TPV 65-100-1.1/4;TPV 65/4;103060;1,1;27;8.7;65;4 / 1450;vj_api+math;0;TPV.jpeg
73115114;TPV 65-90-1.5/4;TPV 65/4;122630;1,5;36;9;65;4 / 1450;vj_api+math;1;TPV.jpeg
73115115;TPV 65-120-2.2/4;TPV 65/4;135380;2,2;40;12.1;65;4 / 1450;vj_api+math;1;TPV.jpeg
73115116;TPV 65-150-3/4;TPV 65/4;143120;3;41;14.9;65;4 / 1450;vj_api+math;0;TPV.jpeg
73115117;TPV 65-160-3/4;TPV 65/4;149670;3;42;16.1;65;4 / 1450;vj_api+math;0;TPV.jpeg
73115118;TPV 65-200-4/4;TPV 65/4;165610;4;44;20;65;4 / 1450;vj_api+math;0;TPV.jpeg
73114118;TPV 50-130-1.1/2;TPV 50/2;86490;1,1;18;13;50;2 / 2900;vj_api+math;0;TPV.jpeg
73114119;TPV 50-170-1.5/2;TPV 50/2;94680;1,5;15;17;50;2 / 2900;vj_api+math;0;TPV.jpeg
73114120;TPV 50-190-2.2/2;TPV 50/2;100610;2,2;24;18.8;50;2 / 2900;vj_api+math;0;TPV.jpeg
73114121;TPV 50-240-3/2;TPV 50/2;124910;3;27;24;50;2 / 2900;vj_api+math;0;TPV.jpeg
73114122;TPV 50-270-4/2;TPV 50/2;135930;4;30;27;50;2 / 2900;vj_api+math;0;TPV.jpeg
73114123;TPV 50-340-5.5/2;TPV 50/2;176980;5,5;33;34;50;2 / 2900;vj_api+math;0;TPV.jpeg
73114124;TPV 50-390-7.5/2;TPV 50/2;201290;7,5;37;39;50;2 / 2900;vj_api+math;0;TPV.jpeg
73114125;TPV 50-470-11/2;TPV 50/2;281670;11;44;47;50;2 / 2900;vj_api+math;0;TPV.jpeg
73114126;TPV 50-580-15/2;TPV 50/2;307530;15;49;58;50;2 / 2900;vj_api+math;0;TPV.jpeg
73114127;TPV 50-680-18.5/2;TPV 50/2;315350;18,5;51;68;50;2 / 2900;vj_api+math;0;TPV.jpeg
73114128;TPV 50-760-22/2;TPV 50/2;397830;22;54;76;50;2 / 2900;vj_api+math;0;TPV.jpeg
73114130;TPV 50-80-0.75/4;TPV 50/4;104980;0,75;19;8.1;50;4 / 1450;vj_api+math;0;TPV.jpeg
73114129;TPV 50-90-0.75/4;TPV 50/4;91600;0,75;17;9;50;4 / 1450;vj_api+math;0;TPV.jpeg
73114131;TPV 50-110-1.1/4;TPV 50/4;113720;1,1;15;11;50;4 / 1450;vj_api+math;0;TPV.jpeg
73114132;TPV 50-120-1.5/4;TPV 50/4;120820;1,5;26;12.1;50;4 / 1450;vj_api+math;0;TPV.jpeg
73114133;TPV 50-170-2.2/4;TPV 50/4;140020;2,2;25;16.9;50;4 / 1450;vj_api+math;0;TPV.jpeg
73114134;TPV 50-210-3/4;TPV 50/4;148310;3;28;21;50;4 / 1450;vj_api+math;0;TPV.jpeg
73115119;TPV 65-150-2.2/2;TPV 65/2;104620;2,2;30;15;65;2 / 2900;vj_api+math;0;TPV.jpeg
73115120;TPV 65-180-3/2;TPV 65/2;129280;3;33;18.1;65;2 / 2900;vj_api+math;0;TPV.jpeg
73115121;TPV 65-220-4/2;TPV 65/2;141400;4;39;22;65;2 / 2900;vj_api+math;0;TPV.jpeg
73115122;TPV 65-280-5.5/2;TPV 65/2;183180;5,5;50;27;65;2 / 2900;vj_api+math;0;TPV.jpeg
73115123;TPV 65-370-7.5/2;TPV 65/2;194640;7,5;48;38;65;2 / 2900;vj_api+math;0;TPV.jpeg
73115124;TPV 65-360-11/2;TPV 65/2;291230;11;70;36;65;2 / 2900;vj_api+math;0;TPV.jpeg
73115125;TPV 65-450-15/2;TPV 65/2;305520;15;75;45;65;2 / 2900;vj_api+math;0;TPV.jpeg
73115126;TPV 65-520-18.5/2;TPV 65/2;333380;18,5;83;52;65;2 / 2900;vj_api+math;0;TPV.jpeg
73115127;TPV 65-620-22/2;TPV 65/2;403750;22;78;62;65;2 / 2900;vj_api+math;0;TPV.jpeg
73115128;TPV 65-760-30/2;TPV 65/2;По запросу;30;86;76;65;2 / 2900;vj_api+math;0;TPV.jpeg
73115129;TPV 65-840-37/2;TPV 65/2;По запросу;37;91;84;65;2 / 2900;vj_api+math;0;TPV.jpeg
73115130;TPV 65-70-0.75/4;TPV 65/4;97960;0,75;25;7.1;65;4 / 1450;vj_api+math;0;TPV.jpeg
73115131;TPV 65-100-1.1/4;TPV 65/4;107350;1,1;22;9.2;65;4 / 1450;vj_api+math;0;TPV.jpeg
73115132;TPV 65-90-1.5/4;TPV 65/4;127560;1,5;36;9;65;4 / 1450;vj_api+math;0;TPV.jpeg
73115133;TPV 65-120-2.2/4;TPV 65/4;140940;2,2;40;12.1;65;4 / 1450;vj_api+math;0;TPV.jpeg
73115134;TPV 65-150-3/4;TPV 65/4;148850;3;41;14.9;65;4 / 1450;vj_api+math;0;TPV.jpeg
73115135;TPV 65-160-3/4;TPV 65/4;155770;3;42;16.1;65;4 / 1450;vj_api+math;0;TPV.jpeg
73115136;TPV 65-200-4/4;TPV 65/4;172250;4;44;20;65;4 / 1450;vj_api+math;0;TPV.jpeg
73116101;TPV 80-150-3/2;TPV 80/2;124460;3;46;15;80;2 / 2900;vj_api+math;1;TPV.jpeg
73116102;TPV 80-170-4/2;TPV 80/2;140940;4;59;17;80;2 / 2900;vj_api+math;1;TPV.jpeg
73116103;TPV 80-210-5.5/2;TPV 80/2;176610;5,5;69;21;80;2 / 2900;vj_api+math;1;TPV.jpeg
73116104;TPV 80-200-7.5/2;TPV 80/2;181090;7,5;89;19.9;80;2 / 2900;vj_api+math;1;TPV.jpeg
73116105;TPV 80-270-11/2;TPV 80/2;258460;11;100;27;80;2 / 2900;vj_api+math;1;TPV.jpeg
73116106;TPV 80-330-15/2;TPV 80/2;280490;15;108;33;80;2 / 2900;vj_api+math;1;TPV.jpeg
73116107;TPV 80-370-18.5/2;TPV 80/2;295330;18,5;112;37;80;2 / 2900;vj_api+math;0;TPV.jpeg
73116108;TPV 80-420-22/2;TPV 80/2;352420;22;124;42;80;2 / 2900;vj_api+math;0;TPV.jpeg
73116109;TPV 80-570-30/2;TPV 80/2;По запросу;30;116;57;80;2 / 2900;vj_api+math;0;TPV.jpeg
73116111;TPV 80-710-30/2;TPV 80/2;По запросу;30;103;71;80;2 / 2900;vj_api+math;0;TPV.jpeg
73116110;TPV 80-620-37/2;TPV 80/2;По запросу;37;118;62;80;2 / 2900;vj_api+math;0;TPV.jpeg
73116112;TPV 80-800-37/2;TPV 80/2;По запросу;37;110;80;80;2 / 2900;vj_api+math;0;TPV.jpeg
73116113;TPV 80-790-45/2;TPV 80/2;По запросу;45;124;79;80;2 / 2900;vj_api+math;0;TPV.jpeg
73116114;TPV 80-910-55/2;TPV 80/2;По запросу;55;135;91;80;2 / 2900;vj_api+math;0;TPV.jpeg
73116115;TPV 80-1120-75/2;TPV 80/2;По запросу;75;141;112;80;2 / 2900;vj_api+math;0;TPV.jpeg
73116116;TPV 80-1270-90/2;TPV 80/2;По запросу;90;151;127;80;2 / 2900;vj_api+math;0;TPV.jpeg
73116117;TPV 80-50-0.75/4;TPV 80/4;96510;0,75;37;5;80;4 / 1450;vj_api+math;0;TPV.jpeg
73116118;TPV 80-60-1.1/4;TPV 80/4;113260;1,1;41;6;80;4 / 1450;vj_api+math;0;TPV.jpeg
73116119;TPV 80-70-1.5/4;TPV 80/4;120000;1,5;50;7;80;4 / 1450;vj_api+math;1;TPV.jpeg
73116120;TPV 80-80-2.2/4;TPV 80/4;131460;2,2;57;8;80;4 / 1450;vj_api+math;0;TPV.jpeg
73116121;TPV 80-90-2.2/4;TPV 80/4;145580;2,2;57;9;80;4 / 1450;vj_api+math;0;TPV.jpeg
73116122;TPV 80-110-3/4;TPV 80/4;153230;3;61;11;80;4 / 1450;vj_api+math;0;TPV.jpeg
73116124;TPV 80-140-3/4;TPV 80/4;154500;3;49;14;80;4 / 1450;vj_api+math;0;TPV.jpeg
73116123;TPV 80-150-4/4;TPV 80/4;169070;4;55;15;80;4 / 1450;vj_api+math;0;TPV.jpeg
73116125;TPV 80-170-4/4;TPV 80/4;170520;4;57;17;80;4 / 1450;vj_api+math;0;TPV.jpeg
73116126;TPV 80-210-5.5/4;TPV 80/4;207120;5,5;63;21;80;4 / 1450;vj_api+math;0;TPV.jpeg
73116127;TPV 80-190-5.5/4;TPV 80/4;268380;5,5;57;19;80;4 / 1450;vj_api+math;0;TPV.jpeg
73116128;TPV 80-230-7.5/4;TPV 80/4;285130;7,5;68;23;80;4 / 1450;vj_api+math;0;TPV.jpeg
73116129;TPV 80-300-11/4;TPV 80/4;354780;11;76;30;80;4 / 1450;vj_api+math;0;TPV.jpeg
73117101;TPV 100-150-4/2;TPV 100/2;136920;4;69;15;100;2 / 2900;vj_api+math;0;TPV.jpeg
73117102;TPV 100-180-5.5/2;TPV 100/2;184000;5,5;77;18;100;2 / 2900;vj_api+math;0;TPV.jpeg
73117103;TPV 100-200-7.5/2;TPV 100/2;188010;7,5;88;19.9;100;2 / 2900;vj_api+math;0;TPV.jpeg
73117104;TPV 100-210-11/2;TPV 100/2;268380;11;131;21;100;2 / 2900;vj_api+math;0;TPV.jpeg
73117105;TPV 100-270-15/2;TPV 100/2;286590;15;148;27;100;2 / 2900;vj_api+math;0;TPV.jpeg
73117106;TPV 100-300-18.5/2;TPV 100/2;301700;18,5;156;30;100;2 / 2900;vj_api+math;0;TPV.jpeg
73117107;TPV 100-320-22/2;TPV 100/2;420960;22;164;32;100;2 / 2900;vj_api+math;0;TPV.jpeg
73117108;TPV 100-390-22/2;TPV 100/2;427690;22;139;39;100;2 / 2900;vj_api+math;0;TPV.jpeg
73117109;TPV 100-450-30/2;TPV 100/2;По запросу;30;159;45;100;2 / 2900;vj_api+math;0;TPV.jpeg
73117110;TPV 100-530-37/2;TPV 100/2;По запросу;37;168;53;100;2 / 2900;vj_api+math;0;TPV.jpeg
73117111;TPV 100-600-45/2;TPV 100/2;По запросу;45;141;60;100;2 / 2900;vj_api+math;0;TPV.jpeg
73117112;TPV 100-670-55/2;TPV 100/2;По запросу;55;158;67;100;2 / 2900;vj_api+math;0;TPV.jpeg
73117113;TPV 100-720-75/2;TPV 100/2;По запросу;75;175;72;100;2 / 2900;vj_api+math;0;TPV.jpeg
73117114;TPV 100-830-75/2;TPV 100/2;По запросу;75;197;80;100;2 / 2900;vj_api+math;0;TPV.jpeg
73117115;TPV 100-890-90/2;TPV 100/2;По запросу;90;223;88;100;2 / 2900;vj_api+math;0;TPV.jpeg
73117116;TPV 100-1020-110/2;TPV 100/2;По запросу;110;226;101;100;2 / 2900;vj_api+math;0;TPV.jpeg
73117117;TPV 100-1100-132/2;TPV 100/2;По запросу;132;252;108;100;2 / 2900;vj_api+math;0;TPV.jpeg
73117118;TPV 100-1210-160/2;TPV 100/2;По запросу;160;266;123;100;2 / 2900;vj_api+math;0;TPV.jpeg
73117119;TPV 100-40-0.75/4;TPV 100/4;106800;0,75;52;4;100;4 / 1450;vj_api+math;0;TPV.jpeg
73117120;TPV 100-50-1.1/4;TPV 100/4;140020;1,1;66;3.8;100;4 / 1450;vj_api+math;0;TPV.jpeg
73117121;TPV 100-60-1.5/4;TPV 100/4;146860;1,5;71;6;100;4 / 1450;vj_api+math;1;TPV.jpeg
73117122;TPV 100-70-2.2/4;TPV 100/4;148130;2,2;79;7;100;4 / 1450;vj_api+math;0;TPV.jpeg
73117123;TPV 100-80-2.2/4;TPV 100/4;165060;2,2;70;8;100;4 / 1450;vj_api+math;0;TPV.jpeg
73117124;TPV 100-100-3/4;TPV 100/4;173250;3;71;10;100;4 / 1450;vj_api+math;0;TPV.jpeg
73117125;TPV 100-120-4/4;TPV 100/4;189100;4;81;12;100;4 / 1450;vj_api+math;0;TPV.jpeg
73117126;TPV 100-150-5.5/4;TPV 100/4;234430;5,5;61.46;14.8;100;4 / 1450;vj_api+math;0;TPV.jpeg
73117127;TPV 100-180-7.5/4;TPV 100/4;251190;7,5;73;17.6;100;4 / 1450;vj_api+math;0;TPV.jpeg
73117128;TPV 100-220-11/4;TPV 100/4;373070;11;100;22;100;4 / 1450;vj_api+math;0;TPV.jpeg
73117129;TPV 100-260-15/4;TPV 100/4;398200;15;100;25;100;4 / 1450;vj_api+math;0;TPV.jpeg
73117130;TPV 100-300-18.5/4;TPV 100/4;476310;18,5;100;30;100;4 / 1450;vj_api+math;0;TPV.jpeg
73117131;TPV 100-310-22/4;TPV 100/4;498800;22;115;31;100;4 / 1450;vj_api+math;0;TPV.jpeg
73116130;TPV 80-150-3/2;TPV 80/2;134370;3;46;15;80;2 / 2900;vj_api+math;0;TPV.jpeg
73116131;TPV 80-170-4/2;TPV 80/2;146570;4;59;17;80;2 / 2900;vj_api+math;0;TPV.jpeg
73116132;TPV 80-210-5.5/2;TPV 80/2;186730;5,5;69;21;80;2 / 2900;vj_api+math;0;TPV.jpeg
73116133;TPV 80-200-7.5/2;TPV 80/2;207200;7,5;89;19.9;80;2 / 2900;vj_api+math;0;TPV.jpeg
73116134;TPV 80-270-11/2;TPV 80/2;286690;11;100;27;80;2 / 2900;vj_api+math;0;TPV.jpeg
73116135;TPV 80-330-15/2;TPV 80/2;300980;15;108;33;80;2 / 2900;vj_api+math;0;TPV.jpeg
73116136;TPV 80-370-18.5/2;TPV 80/2;344490;18,5;112;37;80;2 / 2900;vj_api+math;0;TPV.jpeg
73116137;TPV 80-420-22/2;TPV 80/2;414770;22;124;42;80;2 / 2900;vj_api+math;0;TPV.jpeg
73116138;TPV 80-570-30/2;TPV 80/2;По запросу;30;116;57;80;2 / 2900;vj_api+math;0;TPV.jpeg
73116140;TPV 80-710-30/2;TPV 80/2;По запросу;30;103;71;80;2 / 2900;vj_api+math;0;TPV.jpeg
73116139;TPV 80-620-37/2;TPV 80/2;По запросу;37;118;62;80;2 / 2900;vj_api+math;0;TPV.jpeg
73116141;TPV 80-800-37/2;TPV 80/2;По запросу;37;110;80;80;2 / 2900;vj_api+math;0;TPV.jpeg
73116142;TPV 80-790-45/2;TPV 80/2;По запросу;45;124;79;80;2 / 2900;vj_api+math;0;TPV.jpeg
73116143;TPV 80-910-55/2;TPV 80/2;По запросу;55;135;91;80;2 / 2900;vj_api+math;0;TPV.jpeg
73116144;TPV 80-1120-75/2;TPV 80/2;По запросу;75;141;112;80;2 / 2900;vj_api+math;0;TPV.jpeg
73116145;TPV 80-1270-90/2;TPV 80/2;По запросу;90;151;127;80;2 / 2900;vj_api+math;0;TPV.jpeg
73116146;TPV 80-50-0.75/4;TPV 80/4;100330;0,75;37;5;80;4 / 1450;vj_api+math;0;TPV.jpeg
73116147;TPV 80-60-1.1/4;TPV 80/4;117630;1,1;41;6;80;4 / 1450;vj_api+math;0;TPV.jpeg
73116148;TPV 80-70-1.5/4;TPV 80/4;124830;1,5;50;7;80;4 / 1450;vj_api+math;0;TPV.jpeg
73116149;TPV 80-80-2.2/4;TPV 80/4;136750;2,2;57;8;80;4 / 1450;vj_api+math;0;TPV.jpeg
73116150;TPV 80-90-2.2/4;TPV 80/4;151400;2,2;57;9;80;4 / 1450;vj_api+math;0;TPV.jpeg
73116151;TPV 80-110-3/4;TPV 80/4;159320;3;61;11;80;4 / 1450;vj_api+math;0;TPV.jpeg
73116153;TPV 80-140-3/4;TPV 80/4;160880;3;49;14;80;4 / 1450;vj_api+math;0;TPV.jpeg
73116152;TPV 80-150-4/4;TPV 80/4;175810;4;55;15;80;4 / 1450;vj_api+math;0;TPV.jpeg
73116154;TPV 80-170-4/4;TPV 80/4;177260;4;57;17;80;4 / 1450;vj_api+math;0;TPV.jpeg
73116156;TPV 80-190-5.5/4;TPV 80/4;279040;5,5;57;19;80;4 / 1450;vj_api+math;0;TPV.jpeg
73116155;TPV 80-210-5.5/4;TPV 80/4;215500;5,5;63;21;80;4 / 1450;vj_api+math;0;TPV.jpeg
73116157;TPV 80-230-7.5/4;TPV 80/4;296340;7,5;68;23;80;4 / 1450;vj_api+math;0;TPV.jpeg
73116158;TPV 80-300-11/4;TPV 80/4;368880;11;76;30;80;4 / 1450;vj_api+math;0;TPV.jpeg
73117132;TPV 100-150-4/2;TPV 100/2;158950;4;69;15;100;2 / 2900;vj_api+math;0;TPV.jpeg
73117133;TPV 100-180-5.5/2;TPV 100/2;195650;5,5;77;18;100;2 / 2900;vj_api+math;0;TPV.jpeg
73117134;TPV 100-200-7.5/2;TPV 100/2;210120;7,5;88;19.9;100;2 / 2900;vj_api+math;0;TPV.jpeg
73117135;TPV 100-210-11/2;TPV 100/2;315350;11;131;21;100;2 / 2900;vj_api+math;0;TPV.jpeg
73117136;TPV 100-270-15/2;TPV 100/2;329650;15;148;27;100;2 / 2900;vj_api+math;0;TPV.jpeg
73117137;TPV 100-300-18.5/2;TPV 100/2;357410;18,5;156;30;100;2 / 2900;vj_api+math;0;TPV.jpeg
73117138;TPV 100-320-22/2;TPV 100/2;437800;22;164;32;100;2 / 2900;vj_api+math;0;TPV.jpeg
73117139;TPV 100-390-22/2;TPV 100/2;444900;22;139;39;100;2 / 2900;vj_api+math;0;TPV.jpeg
73117140;TPV 100-450-30/2;TPV 100/2;По запросу;30;159;45;100;2 / 2900;vj_api+math;0;TPV.jpeg
73117141;TPV 100-530-37/2;TPV 100/2;По запросу;37;168;53;100;2 / 2900;vj_api+math;0;TPV.jpeg
73117142;TPV 100-600-45/2;TPV 100/2;По запросу;45;141;60;100;2 / 2900;vj_api+math;0;TPV.jpeg
73117143;TPV 100-670-55/2;TPV 100/2;По запросу;55;158;67;100;2 / 2900;vj_api+math;0;TPV.jpeg
73117144;TPV 100-720-75/2;TPV 100/2;По запросу;75;175;72;100;2 / 2900;vj_api+math;0;TPV.jpeg
73117145;TPV 100-830-75/2;TPV 100/2;По запросу;75;197;80;100;2 / 2900;vj_api+math;0;TPV.jpeg
73117146;TPV 100-890-90/2;TPV 100/2;По запросу;90;223;88;100;2 / 2900;vj_api+math;0;TPV.jpeg
73117147;TPV 100-1020-110/2;TPV 100/2;По запросу;110;226;101;100;2 / 2900;vj_api+math;0;TPV.jpeg
73117148;TPV 100-1100-132/2;TPV 100/2;По запросу;132;252;108;100;2 / 2900;vj_api+math;0;TPV.jpeg
73117149;TPV 100-1210-160/2;TPV 100/2;По запросу;160;266;123;100;2 / 2900;vj_api+math;0;TPV.jpeg
73117150;TPV 100-40-0.75/4;TPV 100/4;111250;0,75;52;4;100;4 / 1450;vj_api+math;0;TPV.jpeg
73117151;TPV 100-50-1.1/4;TPV 100/4;145770;1,1;55;4.4;100;4 / 1450;vj_api+math;0;TPV.jpeg
73117152;TPV 100-60-1.5/4;TPV 100/4;152770;1,5;71;6;100;4 / 1450;vj_api+math;0;TPV.jpeg
73117153;TPV 100-70-2.2/4;TPV 100/4;154040;2,2;79;7;100;4 / 1450;vj_api+math;0;TPV.jpeg
73117154;TPV 100-80-2.2/4;TPV 100/4;171700;2,2;70;8;100;4 / 1450;vj_api+math;0;TPV.jpeg
73117155;TPV 100-100-3/4;TPV 100/4;180170;3;71;10;100;4 / 1450;vj_api+math;0;TPV.jpeg
73117156;TPV 100-120-4/4;TPV 100/4;196650;4;81;12;100;4 / 1450;vj_api+math;0;TPV.jpeg
73117157;TPV 100-150-5.5/4;TPV 100/4;243800;5,5;61.46;14.8;100;4 / 1450;vj_api+math;0;TPV.jpeg
73117158;TPV 100-180-7.5/4;TPV 100/4;261190;7,5;75;17.4;100;4 / 1450;vj_api+math;0;TPV.jpeg
73117159;TPV 100-220-11/4;TPV 100/4;388000;11;102;21;100;4 / 1450;vj_api+math;0;TPV.jpeg
73117160;TPV 100-260-15/4;TPV 100/4;414140;15;114;24;100;4 / 1450;vj_api+math;0;TPV.jpeg
73117161;TPV 100-300-18.5/4;TPV 100/4;495330;18,5;125;27;100;4 / 1450;vj_api+math;0;TPV.jpeg
73117162;TPV 100-310-22/4;TPV 100/4;518820;22;141;28;100;4 / 1450;vj_api+math;0;TPV.jpeg
73118101;TPV 125-260-22/2;TPV 125/2;438250;22;204;26;125;2 / 2900;vj_api+math;0;TPV.jpeg
73118102;TPV 125-330-30/2;TPV 125/2;По запросу;30;226;33;125;2 / 2900;vj_api+math;0;TPV.jpeg
73118103;TPV 125-400-37/2;TPV 125/2;По запросу;37;235;40;125;2 / 2900;vj_api+math;0;TPV.jpeg
73118104;TPV 125-460-45/2;TPV 125/2;По запросу;45;248;48;125;2 / 2900;vj_api+math;0;TPV.jpeg
73118105;TPV 125-530-55/2;TPV 125/2;По запросу;55;268;53;125;2 / 2900;vj_api+math;0;TPV.jpeg
73118106;TPV 125-600-75/2;TPV 125/2;По запросу;75;290;60;125;2 / 2900;vj_api+math;0;TPV.jpeg
73118107;TPV 125-700-90/2;TPV 125/2;По запросу;90;324;70;125;2 / 2900;vj_api+math;0;TPV.jpeg
73118108;TPV 125-770-110/2;TPV 125/2;По запросу;110;358;77;125;2 / 2900;vj_api+math;0;TPV.jpeg
73118109;TPV 125-970-132/2;TPV 125/2;По запросу;132;314;97;125;2 / 2900;vj_api+math;0;TPV.jpeg
73118110;TPV 125-1080-160/2;TPV 125/2;По запросу;160;353;108;125;2 / 2900;vj_api+math;0;TPV.jpeg
73118111;TPV 125-1210-185/2;TPV 125/2;По запросу;185;374;121;125;2 / 2900;vj_api+math;0;TPV.jpeg
73118112;TPV 125-1300-200/2;TPV 125/2;По запросу;200;392;130;125;2 / 2900;vj_api+math;0;TPV.jpeg
73118113;TPV 125-60-2.2/4;TPV 125/4;178070;2,2;96;6;125;4 / 1450;vj_api+math;0;TPV.jpeg
73118114;TPV 125-70-3/4;TPV 125/4;185720;3;111;7;125;4 / 1450;vj_api+math;0;TPV.jpeg
73118115;TPV 125-90-4/4;TPV 125/4;215130;4;115;9;125;4 / 1450;vj_api+math;0;TPV.jpeg
73118116;TPV 125-110-5.5/4;TPV 125/4;248900;5,5;126;11.3;125;4 / 1450;vj_api+math;0;TPV.jpeg
73118117;TPV 125-120-7.5/4;TPV 125/4;256550;7,5;136;13.1;125;4 / 1450;vj_api+math;0;TPV.jpeg
73118118;TPV 125-140-7.5/4;TPV 125/4;257370;7,5;133;14.3;125;4 / 1450;vj_api+math;0;TPV.jpeg
73118119;TPV 125-170-11/4;TPV 125/4;368160;11;159;17;125;4 / 1450;vj_api+math;0;TPV.jpeg
73118120;TPV 125-200-15/4;TPV 125/4;406120;15;164;20;125;4 / 1450;vj_api+math;0;TPV.jpeg
73118121;TPV 125-260-18.5/4;TPV 125/4;475490;18,5;175;26;125;4 / 1450;vj_api+math;0;TPV.jpeg
73118122;TPV 125-280-22/4;TPV 125/4;492790;22;194;28;125;4 / 1450;vj_api+math;0;TPV.jpeg
73118123;TPV 125-330-30/4;TPV 125/4;По запросу;30;185;33;125;4 / 1450;vj_api+math;0;TPV.jpeg
73118124;TPV 125-50-1.5/6;TPV 125/6;196280;1,5;67;5.2;125;6 / 960;vj_api+math;0;TPV.jpeg
73118125;TPV 125-60-2.2/6;TPV 125/6;238250;2,2;78;6;125;6 / 960;vj_api+math;0;TPV.jpeg
73118126;TPV 125-70-3/6;TPV 125/6;275300;3;92;7;125;6 / 960;vj_api+math;0;TPV.jpeg
73118127;TPV 125-80-4/6;TPV 125/6;286690;4;119;8;125;6 / 960;vj_api+math;0;TPV.jpeg
73118128;TPV 125-120-5.5/6;TPV 125/6;310720;5,5;111;12;125;6 / 960;vj_api+math;0;TPV.jpeg
73118129;TPV 125-140-7.5/6;TPV 125/6;371350;7,5;136;14;125;6 / 960;vj_api+math;0;TPV.jpeg
73119101;TPV 150-130-11/4;TPV 150/4;440260;11;234;12.6;150;4 / 1450;vj_api+math;0;TPV.jpeg
73119102;TPV 150-160-15/4;TPV 150/4;469210;15;254;15.6;150;4 / 1450;vj_api+math;0;TPV.jpeg
73119103;TPV 150-180-18.5/4;TPV 150/4;551780;18,5;284;16.4;150;4 / 1450;vj_api+math;0;TPV.jpeg
73119104;TPV 150-190-18.5/4;TPV 150/4;574180;18,5;259;19;150;4 / 1450;vj_api+math;0;TPV.jpeg
73119105;TPV 150-220-22/4;TPV 150/4;598390;22;249;22;150;4 / 1450;vj_api+math;0;TPV.jpeg
73119106;TPV 150-280-30/4;TPV 150/4;По запросу;30;273;28;150;4 / 1450;vj_api+math;0;TPV.jpeg
73119107;TPV 150-320-37/4;TPV 150/4;По запросу;37;290;32;150;4 / 1450;vj_api+math;0;TPV.jpeg
73119108;TPV 150-340-45/4;TPV 150/4;По запросу;45;322;34;150;4 / 1450;vj_api+math;0;TPV.jpeg
73119109;TPV 150-410-45/4;TPV 150/4;По запросу;45;260;41;150;4 / 1450;vj_api+math;0;TPV.jpeg
73119110;TPV 150-430-55/4;TPV 150/4;По запросу;55;329;43;150;4 / 1450;vj_api+math;0;TPV.jpeg
73119111;TPV 150-510-75/4;TPV 150/4;По запросу;75;361;51;150;4 / 1450;vj_api+math;0;TPV.jpeg
73119112;TPV 150-570-90/4;TPV 150/4;По запросу;90;388;57;150;4 / 1450;vj_api+math;0;TPV.jpeg
73119113;TPV 150-40-2.2/6;TPV 150/6;295970;2,2;130;4.3;150;6 / 960;vj_api+math;0;TPV.jpeg
73119114;TPV 150-50-3/6;TPV 150/6;327920;3;159;5;150;6 / 960;vj_api+math;0;TPV.jpeg
73119115;TPV 150-60-4/6;TPV 150/6;340220;4;186;6;150;6 / 960;vj_api+math;0;TPV.jpeg
73119116;TPV 150-80-5.5/6;TPV 150/6;355870;5,5;182;8;150;6 / 960;vj_api+math;0;TPV.jpeg
73119117;TPV 150-90-5.5/6;TPV 150/6;382090;5,5;151;9;150;6 / 960;vj_api+math;0;TPV.jpeg
73119118;TPV 150-110-7.5/6;TPV 150/6;441080;7,5;188;11;150;6 / 960;vj_api+math;0;TPV.jpeg
73119119;TPV 150-140-11/6;TPV 150/6;478670;11;189;14;150;6 / 960;vj_api+math;0;TPV.jpeg
73119120;TPV 150-170-15/6;TPV 150/6;610130;15;209;17;150;6 / 960;vj_api+math;0;TPV.jpeg
73119121;TPV 150-200-18.5/6;TPV 150/6;678500;18,5;225;20;150;6 / 960;vj_api+math;0;TPV.jpeg
73119122;TPV 150-230-22/6;TPV 150/6;704260;22;224;23;150;6 / 960;vj_api+math;0;TPV.jpeg
73119123;TPV 150-260-30/6;TPV 150/6;По запросу;30;238;26;150;6 / 960;vj_api+math;0;TPV.jpeg
73118130;TPV 125-260-22/2;TPV 125/2;455830;22;204;26;125;2 / 2900;vj_api+math;0;TPV.jpeg
73118131;TPV 125-330-30/2;TPV 125/2;По запросу;30;226;33;125;2 / 2900;vj_api+math;0;TPV.jpeg
73118132;TPV 125-400-37/2;TPV 125/2;По запросу;37;235;40;125;2 / 2900;vj_api+math;0;TPV.jpeg
73118133;TPV 125-460-45/2;TPV 125/2;По запросу;45;248;48;125;2 / 2900;vj_api+math;0;TPV.jpeg
73118134;TPV 125-530-55/2;TPV 125/2;По запросу;55;268;53;125;2 / 2900;vj_api+math;0;TPV.jpeg
73118135;TPV 125-600-75/2;TPV 125/2;По запросу;75;290;60;125;2 / 2900;vj_api+math;0;TPV.jpeg
73118136;TPV 125-700-90/2;TPV 125/2;По запросу;90;324;70;125;2 / 2900;vj_api+math;0;TPV.jpeg
73118137;TPV 125-770-110/2;TPV 125/2;По запросу;110;358;77;125;2 / 2900;vj_api+math;0;TPV.jpeg
73118138;TPV 125-970-132/2;TPV 125/2;По запросу;132;314;97;125;2 / 2900;vj_api+math;0;TPV.jpeg
73118139;TPV 125-1080-160/2;TPV 125/2;По запросу;160;353;108;125;2 / 2900;vj_api+math;0;TPV.jpeg
73118140;TPV 125-1210-185/2;TPV 125/2;По запросу;185;374;121;125;2 / 2900;vj_api+math;0;TPV.jpeg
73118141;TPV 125-1300-200/2;TPV 125/2;По запросу;200;392;130;125;2 / 2900;vj_api+math;0;TPV.jpeg
73118142;TPV 125-60-2.2/4;TPV 125/4;185090;2,2;96;6;125;4 / 1450;vj_api+math;0;TPV.jpeg
73118143;TPV 125-70-3/4;TPV 125/4;193100;3;111;7;125;4 / 1450;vj_api+math;0;TPV.jpeg
73118144;TPV 125-90-4/4;TPV 125/4;223590;4;115;9;125;4 / 1450;vj_api+math;0;TPV.jpeg
73118145;TPV 125-110-5.5/4;TPV 125/4;273300;5,5;126;11.3;125;4 / 1450;vj_api+math;0;TPV.jpeg
73118146;TPV 125-120-7.5/4;TPV 125/4;290590;7,5;136;13.1;125;4 / 1450;vj_api+math;0;TPV.jpeg
73118147;TPV 125-140-7.5/4;TPV 125/4;303520;7,5;133;14.3;125;4 / 1450;vj_api+math;0;TPV.jpeg
73118148;TPV 125-170-11/4;TPV 125/4;394550;11;159;17;125;4 / 1450;vj_api+math;0;TPV.jpeg
73118149;TPV 125-200-15/4;TPV 125/4;422330;15;164;20;125;4 / 1450;vj_api+math;0;TPV.jpeg
73118150;TPV 125-260-18.5/4;TPV 125/4;512900;18,5;175;26;125;4 / 1450;vj_api+math;0;TPV.jpeg
73118151;TPV 125-280-22/4;TPV 125/4;536390;22;194;28;125;4 / 1450;vj_api+math;0;TPV.jpeg
73118152;TPV 125-330-30/4;TPV 125/4;По запросу;30;185;33;125;4 / 1450;vj_api+math;0;TPV.jpeg
73118153;TPV 125-50-1.5/6;TPV 125/6;204110;1,5;67;5.2;125;6 / 960;vj_api+math;0;TPV.jpeg
73118154;TPV 125-60-2.2/6;TPV 125/6;247800;2,2;78;6;125;6 / 960;vj_api+math;0;TPV.jpeg
73118155;TPV 125-70-3/6;TPV 125/6;286320;3;92;7;125;6 / 960;vj_api+math;0;TPV.jpeg
73118156;TPV 125-80-4/6;TPV 125/6;298150;4;119;8;125;6 / 960;vj_api+math;0;TPV.jpeg
73118157;TPV 125-120-5.5/6;TPV 125/6;323100;5,5;111;12;125;6 / 960;vj_api+math;0;TPV.jpeg
73118158;TPV 125-140-7.5/6;TPV 125/6;386090;7,5;136;14;125;6 / 960;vj_api+math;0;TPV.jpeg
73119124;TPV 150-130-11/4;TPV 150/4;457920;11;234;12.6;150;4 / 1450;vj_api+math;0;TPV.jpeg
73119125;TPV 150-160-15/4;TPV 150/4;487960;15;254;15.6;150;4 / 1450;vj_api+math;0;TPV.jpeg
73119126;TPV 150-180-18.5/4;TPV 150/4;573890;18,5;284;16.4;150;4 / 1450;vj_api+math;0;TPV.jpeg
73119127;TPV 150-190-18.5/4;TPV 150/4;597120;18,5;259;19;150;4 / 1450;vj_api+math;0;TPV.jpeg
73119128;TPV 150-220-22/4;TPV 150/4;622330;22;249;22;150;4 / 1450;vj_api+math;0;TPV.jpeg
73119129;TPV 150-280-30/4;TPV 150/4;По запросу;30;273;28;150;4 / 1450;vj_api+math;0;TPV.jpeg
73119130;TPV 150-320-37/4;TPV 150/4;По запросу;37;290;32;150;4 / 1450;vj_api+math;0;TPV.jpeg
73119131;TPV 150-340-45/4;TPV 150/4;По запросу;45;322;34;150;4 / 1450;vj_api+math;0;TPV.jpeg
73119132;TPV 150-410-45/4;TPV 150/4;По запросу;45;260;41;150;4 / 1450;vj_api+math;0;TPV.jpeg
73119133;TPV 150-430-55/4;TPV 150/4;По запросу;55;329;43;150;4 / 1450;vj_api+math;0;TPV.jpeg
73119134;TPV 150-510-75/4;TPV 150/4;По запросу;75;361;51;150;4 / 1450;vj_api+math;0;TPV.jpeg
73119135;TPV 150-570-90/4;TPV 150/4;По запросу;90;388;57;150;4 / 1450;vj_api+math;0;TPV.jpeg
73119136;TPV 150-40-2.2/6;TPV 150/6;307990;2,2;130;4.3;150;6 / 960;vj_api+math;0;TPV.jpeg
73119137;TPV 150-50-3/6;TPV 150/6;340940;3;159;5;150;6 / 960;vj_api+math;0;TPV.jpeg
73119138;TPV 150-60-4/6;TPV 150/6;353690;4;186;6;150;6 / 960;vj_api+math;0;TPV.jpeg
73119139;TPV 150-80-5.5/6;TPV 150/6;370080;5,5;182;8;150;6 / 960;vj_api+math;0;TPV.jpeg
73119140;TPV 150-90-5.5/6;TPV 150/6;397470;5,5;151;9;150;6 / 960;vj_api+math;0;TPV.jpeg
73119141;TPV 150-110-7.5/6;TPV 150/6;458740;7,5;188;11;150;6 / 960;vj_api+math;0;TPV.jpeg
73119142;TPV 150-140-11/6;TPV 150/6;497700;11;189;14;150;6 / 960;vj_api+math;0;TPV.jpeg
73119143;TPV 150-170-15/6;TPV 150/6;634520;15;209;17;150;6 / 960;vj_api+math;0;TPV.jpeg
73119144;TPV 150-200-18.5/6;TPV 150/6;705710;18,5;225;20;150;6 / 960;vj_api+math;0;TPV.jpeg
73119145;TPV 150-230-22/6;TPV 150/6;732470;22;224;23;150;6 / 960;vj_api+math;0;TPV.jpeg
73119146;TPV 150-260-30/6;TPV 150/6;По запросу;30;238;26;150;6 / 960;vj_api+math;0;TPV.jpeg
73121101;TPV 200-100-11/4;TPV 200/4;479870;11;312;10;200;4 / 1450;vj_api+math;0;TPV.jpeg
73121102;TPV 200-120-15/4;TPV 200/4;516890;15;300;11.7;200;4 / 1450;vj_api+math;0;TPV.jpeg
73121103;TPV 200-140-18.5/4;TPV 200/4;621330;18,5;314;14;200;4 / 1450;vj_api+math;0;TPV.jpeg
73121104;TPV 200-150-22/4;TPV 200/4;645810;22;350;15;200;4 / 1450;vj_api+math;0;TPV.jpeg
73121105;TPV 200-180-30/4;TPV 200/4;По запросу;30;402;18;200;4 / 1450;vj_api+math;0;TPV.jpeg
73121106;TPV 200-210-37/4;TPV 200/4;По запросу;37;470;21;200;4 / 1450;vj_api+math;0;TPV.jpeg
73121110;TPV 200-290-37/4;TPV 200/4;По запросу;37;334;29;200;4 / 1450;vj_api+math;0;TPV.jpeg
73121107;TPV 200-230-45/4;TPV 200/4;По запросу;45;497;23;200;4 / 1450;vj_api+math;0;TPV.jpeg
73121111;TPV 200-320-45/4;TPV 200/4;По запросу;45;378;32;200;4 / 1450;vj_api+math;0;TPV.jpeg
73121108;TPV 200-270-55/4;TPV 200/4;По запросу;55;567;27;200;4 / 1450;vj_api+math;0;TPV.jpeg
73121112;TPV 200-360-55/4;TPV 200/4;По запросу;55;410;36;200;4 / 1450;vj_api+math;0;TPV.jpeg
73121109;TPV 200-320-75/4;TPV 200/4;По запросу;75;583;32;200;4 / 1450;vj_api+math;0;TPV.jpeg
73121113;TPV 200-420-75/4;TPV 200/4;По запросу;75;454;42;200;4 / 1450;vj_api+math;0;TPV.jpeg
73121114;TPV 200-460-90/4;TPV 200/4;По запросу;90;516;46;200;4 / 1450;vj_api+math;0;TPV.jpeg
73121115;TPV 200-520-110/4;TPV 200/4;По запросу;110;555;52;200;4 / 1450;vj_api+math;0;TPV.jpeg
73121116;TPV 200-570-132/4;TPV 200/4;По запросу;132;603;57;200;4 / 1450;vj_api+math;0;TPV.jpeg
73121117;TPV 200-70-7.5/6;TPV 200/6;482050;7,5;265;7;200;6 / 960;vj_api+math;0;TPV.jpeg
73121118;TPV 200-90-11/6;TPV 200/6;519370;11;326;9;200;6 / 960;vj_api+math;0;TPV.jpeg
73121119;TPV 200-110-15/6;TPV 200/6;646350;15;354;11;200;6 / 960;vj_api+math;0;TPV.jpeg
73121120;TPV 200-130-18.5/6;TPV 200/6;715910;18,5;359;13;200;6 / 960;vj_api+math;0;TPV.jpeg
73121121;TPV 200-140-22/6;TPV 200/6;741670;22;390;14;200;6 / 960;vj_api+math;0;TPV.jpeg
73121122;TPV 200-180-22/6;TPV 200/6;764070;22;335;18;200;6 / 960;vj_api+math;0;TPV.jpeg
73121123;TPV 200-210-30/6;TPV 200/6;По запросу;30;387;21;200;6 / 960;vj_api+math;0;TPV.jpeg
73121124;TPV 200-250-37/6;TPV 200/6;По запросу;37;362;25;200;6 / 960;vj_api+math;0;TPV.jpeg
73121125;TPV 200-100-11/4;TPV 200/4;499160;11;312;10;200;4 / 1450;vj_api+math;0;TPV.jpeg
73121126;TPV 200-120-15/4;TPV 200/4;535450;15;300;11.7;200;4 / 1450;vj_api+math;0;TPV.jpeg
73121127;TPV 200-140-18.5/4;TPV 200/4;646350;18,5;314;14;200;4 / 1450;vj_api+math;0;TPV.jpeg
73121128;TPV 200-150-22/4;TPV 200/4;671670;22;350;15;200;4 / 1450;vj_api+math;0;TPV.jpeg
73121129;TPV 200-180-30/4;TPV 200/4;По запросу;30;402;18;200;4 / 1450;vj_api+math;0;TPV.jpeg
73121130;TPV 200-210-37/4;TPV 200/4;По запросу;37;470;21;200;4 / 1450;vj_api+math;0;TPV.jpeg
73121134;TPV 200-290-37/4;TPV 200/4;По запросу;37;334;29;200;4 / 1450;vj_api+math;0;TPV.jpeg
73121131;TPV 200-230-45/4;TPV 200/4;По запросу;45;497;23;200;4 / 1450;vj_api+math;0;TPV.jpeg
73121135;TPV 200-320-45/4;TPV 200/4;По запросу;45;378;32;200;4 / 1450;vj_api+math;0;TPV.jpeg
73121132;TPV 200-270-55/4;TPV 200/4;По запросу;55;567;27;200;4 / 1450;vj_api+math;0;TPV.jpeg
73121136;TPV 200-360-55/4;TPV 200/4;По запросу;55;410;36;200;4 / 1450;vj_api+math;0;TPV.jpeg
73121133;TPV 200-320-75/4;TPV 200/4;По запросу;75;583;32;200;4 / 1450;vj_api+math;0;TPV.jpeg
73121137;TPV 200-420-75/4;TPV 200/4;По запросу;75;454;42;200;4 / 1450;vj_api+math;0;TPV.jpeg
73121138;TPV 200-460-90/4;TPV 200/4;По запросу;90;516;46;200;4 / 1450;vj_api+math;0;TPV.jpeg
73121139;TPV 200-520-110/4;TPV 200/4;По запросу;110;555;52;200;4 / 1450;vj_api+math;0;TPV.jpeg
73121140;TPV 200-570-132/4;TPV 200/4;По запросу;132;603;57;200;4 / 1450;vj_api+math;0;TPV.jpeg
73121141;TPV 200-70-7.5/6;TPV 200/6;501350;7,5;265;7;200;6 / 960;vj_api+math;0;TPV.jpeg
73121142;TPV 200-90-11/6;TPV 200/6;540120;11;326;9;200;6 / 960;vj_api+math;0;TPV.jpeg
73121143;TPV 200-110-15/6;TPV 200/6;672130;15;354;11;200;6 / 960;vj_api+math;0;TPV.jpeg
73121144;TPV 200-130-18.5/6;TPV 200/6;744590;18,5;359;13;200;6 / 960;vj_api+math;0;TPV.jpeg
73121145;TPV 200-140-22/6;TPV 200/6;771360;22;390;14;200;6 / 960;vj_api+math;0;TPV.jpeg
73121146;TPV 200-180-22/6;TPV 200/6;794750;22;335;18;200;6 / 960;vj_api+math;0;TPV.jpeg
73121147;TPV 200-210-30/6;TPV 200/6;По запросу;30;387;21;200;6 / 960;vj_api+math;0;TPV.jpeg
73121148;TPV 200-250-37/6;TPV 200/6;По запросу;37;362;25;200;6 / 960;vj_api+math;0;TPV.jpeg
73211010;NBV 32-105-0.75/2;NBV 32/2;75300;0,75;11;13.1;16;6 / 960;vj_api+math;0;NBV.jpeg
73211011;NBV 32-117-1.1/2;NBV 32/2;77670;1,1;12;16.8;16;2 / 2900;vj_api+math;0;NBV.jpeg
73211012;NBV 32-129-1.5/2;NBV 32/2;85500;1,5;14;21;16;4 / 1450;vj_api+math;0;NBV.jpeg
73211013;NBV 32-149-2.2/2;NBV 32/2;91500;2,2;14;27;16;2 / 2900;vj_api+math;0;NBV.jpeg
73211014;NBV 32-165-3/2;NBV 32/2;110250;3;14;35;16;2 / 2900;vj_api+math;0;NBV.jpeg
73211015;NBV 32-173-4/2;NBV 32/2;131830;4;18;36;16;2 / 2900;vj_api+math;0;NBV.jpeg
73211016;NBV 32-190-5.5/2;NBV 32/2;170160;5,5;21;46;16;2 / 2900;vj_api+math;0;NBV.jpeg
73211017;NBV 32-190-0.75/4;NBV 32/4;88590;0,75;10;12;16;4 / 1450;vj_api+math;0;NBV.jpeg
73212017;NBV 40-112-1.1/2;NBV 40/2;71380;1,1;17;14.1;16;2 / 2900;vj_api+math;0;NBV.jpeg
73212018;NBV 40-125-1.5/2;NBV 40/2;80040;1,5;21;18.1;16;4 / 1450;vj_api+math;0;NBV.jpeg
73212019;NBV 40-137-2.2/2;NBV 40/2;89770;2,2;22;23;16;2 / 2900;vj_api+math;0;NBV.jpeg
73212020;NBV 40-147-3/2;NBV 40/2;109530;3;22;28;16;2 / 2900;vj_api+math;0;NBV.jpeg
73212021;NBV 40-160-4/2;NBV 40/2;127010;4;24;34;16;2 / 2900;vj_api+math;0;NBV.jpeg
73212022;NBV 40-173-5.5/2;NBV 40/2;171520;5,5;30;37;16;2 / 2900;vj_api+math;0;NBV.jpeg
73212023;NBV 40-189-7.5/2;NBV 40/2;176710;7,5;36;43;16;2 / 2900;vj_api+math;0;NBV.jpeg
73212024;NBV 40-181-0.75/4;NBV 40/4;93050;0,75;17;8.8;16;4 / 1450;vj_api+math;0;NBV.jpeg
73212025;NBV 40-197-1.1/4;NBV 40/4;101340;1,1;17;12.7;16;4 / 1450;vj_api+math;0;NBV.jpeg
73213024;NBV 50-112-1.1/2;NBV 50/2;83130;1,1;15;14.1;16;2 / 2900;vj_api+math;0;NBV.jpeg
73213025;NBV 50-122-1.5/2;NBV 50/2;91040;1,5;18;16;16;4 / 1450;vj_api+math;0;NBV.jpeg
73213026;NBV 50-131-2.2/2;NBV 50/2;96780;2,2;24;18.8;16;2 / 2900;vj_api+math;0;NBV.jpeg
73213027;NBV 50-142-3/2;NBV 50/2;115260;3;27;24;16;2 / 2900;vj_api+math;0;NBV.jpeg
73213028;NBV 50-149-4/2;NBV 50/2;130650;4;30;27;16;2 / 2900;vj_api+math;0;NBV.jpeg
73213029;NBV 50-164-5.5/2;NBV 50/2;165420;5,5;33;34;16;2 / 2900;vj_api+math;0;NBV.jpeg
73213030;NBV 50-175-7.5/2;NBV 50/2;186000;7,5;42;37;16;2 / 2900;vj_api+math;0;NBV.jpeg
73213031;NBV 50-186-11/2;NBV 50/2;252910;11;44;47;16;2 / 2900;vj_api+math;0;NBV.jpeg
73213032;NBV 50-217-15/2;NBV 50/2;271840;15;49;58;16;2 / 2900;vj_api+math;0;NBV.jpeg
73213033;NBV 50-231-18.5/2;NBV 50/2;286320;18,5;51;68;16;2 / 2900;vj_api+math;0;NBV.jpeg
73213034;NBV 50-244-22/2;NBV 50/2;345500;22;54;76;16;2 / 2900;vj_api+math;0;NBV.jpeg
73213035;NBV 50-171-0.75/4;NBV 50/4;100970;0,75;19;8.1;16;4 / 1450;vj_api+math;0;NBV.jpeg
73213036;NBV 50-182-1.1/4;NBV 50/4;109350;1,1;22;9.9;16;4 / 1450;vj_api+math;0;NBV.jpeg
73213037;NBV 50-195-1.5/4;NBV 50/4;116080;1,5;22;13.1;16;4 / 1450;vj_api+math;0;NBV.jpeg
73213038;NBV 50-230-2.2/4;NBV 50/4;134660;2,2;27;16.5;16;2 / 2900;vj_api+math;0;NBV.jpeg
73213039;NBV 50-250-3/4;NBV 50/4;142490;3;30;21;16;2 / 2900;vj_api+math;0;NBV.jpeg
73214026;NBV 65-118-2.2/2;NBV 65/2;98510;2,2;30;15;16;2 / 2900;vj_api+math;0;NBV.jpeg
73214027;NBV 65-128-3/2;NBV 65/2;117360;3;33;18.1;16;2 / 2900;vj_api+math;0;NBV.jpeg
73214028;NBV 65-140-4/2;NBV 65/2;133470;4;39;22;16;2 / 2900;vj_api+math;0;NBV.jpeg
73214029;NBV 65-154-5.5/2;NBV 65/2;169250;5,5;56;27;16;2 / 2900;vj_api+math;0;NBV.jpeg
73214030;NBV 65-170-7.5/2;NBV 65/2;172970;7,5;60;34;16;2 / 2900;vj_api+math;0;NBV.jpeg
73214031;NBV 65-184-11/2;NBV 65/2;251820;11;65;38;16;2 / 2900;vj_api+math;0;NBV.jpeg
73214032;NBV 65-195-15/2;NBV 65/2;273390;15;75;45;16;2 / 2900;vj_api+math;0;NBV.jpeg
73214033;NBV 65-207-18.5/2;NBV 65/2;287680;18,5;83;52;16;2 / 2900;vj_api+math;0;NBV.jpeg
73214034;NBV 65-220-22/2;NBV 65/2;348680;22;78;62;16;2 / 2900;vj_api+math;0;NBV.jpeg
73214035;NBV 65-243-30/2;NBV 65/2;По запросу;30;86;76;16;2 / 2900;vj_api+math;0;NBV.jpeg
73214036;NBV 65-257-37/2;NBV 65/2;По запросу;37;91;84;16;2 / 2900;vj_api+math;0;NBV.jpeg
73214037;NBV 65-156-0.75/4;NBV 65/4;94230;0,75;25;7.1;16;4 / 1450;vj_api+math;0;NBV.jpeg
73214038;NBV 65-172-1.1/4;NBV 65/4;103060;1,1;27;8.7;16;4 / 1450;vj_api+math;0;NBV.jpeg
73214039;NBV 65-180-1.5/4;NBV 65/4;122630;1,5;36;9;16;4 / 1450;vj_api+math;0;NBV.jpeg
73214040;NBV 65-201-2.2/4;NBV 65/4;135380;2,2;40;12.1;16;2 / 2900;vj_api+math;0;NBV.jpeg
73214041;NBV 65-220-3/4;NBV 65/4;143120;3;41;14.9;16;2 / 2900;vj_api+math;0;NBV.jpeg
73214042;NBV 65-228-3/4;NBV 65/4;149670;3;42;16.1;16;2 / 2900;vj_api+math;0;NBV.jpeg
73214043;NBV 65-250-4/4;NBV 65/4;165610;4;44;20;16;2 / 2900;vj_api+math;0;NBV.jpeg
73215022;NBV 80-119-3/2;NBV 80/2;124460;3;46;15;16;2 / 2900;vj_api+math;0;NBV.jpeg
73215023;NBV 80-128-4/2;NBV 80/2;140940;4;59;18;16;2 / 2900;vj_api+math;0;NBV.jpeg
73215024;NBV 80-138-5.5/2;NBV 80/2;176610;5,5;69;21;16;2 / 2900;vj_api+math;0;NBV.jpeg
73215025;NBV 80-147-7.5/2;NBV 80/2;181090;7,5;89;19.9;16;2 / 2900;vj_api+math;0;NBV.jpeg
73215026;NBV 80-163-11/2;NBV 80/2;258460;11;99;27;16;2 / 2900;vj_api+math;0;NBV.jpeg
73215027;NBV 80-177-15/2;NBV 80/2;280490;15;108;33;16;2 / 2900;vj_api+math;0;NBV.jpeg
73215028;NBV 80-182-18.5/2;NBV 80/2;295330;18,5;112;37;16;2 / 2900;vj_api+math;0;NBV.jpeg
73215029;NBV 80-192-22/2;NBV 80/2;352420;22;124;42;16;2 / 2900;vj_api+math;0;NBV.jpeg
73215030;NBV 80-212-30/2;NBV 80/2;По запросу;30;116;57;16;2 / 2900;vj_api+math;0;NBV.jpeg
73215031;NBV 80-220-37/2;NBV 80/2;По запросу;37;118;62;16;2 / 2900;vj_api+math;0;NBV.jpeg
73215032;NBV 80-229-30/2;NBV 80/2;По запросу;30;103;70;16;2 / 2900;vj_api+math;0;NBV.jpeg
73215033;NBV 80-242-37/2;NBV 80/2;По запросу;37;115;77;16;2 / 2900;vj_api+math;0;NBV.jpeg
73215034;NBV 80-259-45/2;NBV 80/2;По запросу;45;123;79;16;2 / 2900;vj_api+math;0;NBV.jpeg
73215035;NBV 80-271-55/2;NBV 80/2;По запросу;55;135;91;25;2 / 2900;vj_api+math;0;NBV.jpeg
73215036;NBV 80-293-75/2;NBV 80/2;По запросу;75;141;112;25;2 / 2900;vj_api+math;0;NBV.jpeg
73215037;NBV 80-313-90/2;NBV 80/2;По запросу;90;151;127;25;6 / 960;vj_api+math;0;NBV.jpeg
73215038;NBV 80-138-0.75/4;NBV 80/4;96510;0,75;37;5;16;4 / 1450;vj_api+math;0;NBV.jpeg
73215039;NBV 80-155-1.1/4;NBV 80/4;113260;1,1;41;6;16;4 / 1450;vj_api+math;0;NBV.jpeg
73215040;NBV 80-169-1.5/4;NBV 80/4;120000;1,5;50;7;16;4 / 1450;vj_api+math;0;NBV.jpeg
73215041;NBV 80-177-2.2/4;NBV 80/4;131460;2,2;57;8;16;2 / 2900;vj_api+math;0;NBV.jpeg
73215042;NBV 80-180-2.2/4;NBV 80/4;145580;2,2;57;9;16;2 / 2900;vj_api+math;0;NBV.jpeg
73215043;NBV 80-196-3/4;NBV 80/4;153230;3;61;11;16;2 / 2900;vj_api+math;0;NBV.jpeg
73215044;NBV 80-214-4/4;NBV 80/4;169070;4;55;15;16;2 / 2900;vj_api+math;0;NBV.jpeg
73215021;NBV 80-212-3/4;NBV 80/4;154500;3;49;14;16;2 / 2900;vj_api+math;0;NBV.jpeg
73215045;NBV 80-229-4/4;NBV 80/4;170520;4;57;17;16;2 / 2900;vj_api+math;0;NBV.jpeg
73215046;NBV 80-250-5.5/4;NBV 80/4;207120;5,5;63;21;16;4 / 1450;vj_api+math;0;NBV.jpeg
73215047;NBV 80-258-5.5/4;NBV 80/4;268380;5,5;65;18;16;4 / 1450;vj_api+math;0;NBV.jpeg
73215048;NBV 80-279-7.5/4;NBV 80/4;285130;7,5;68;23;16;4 / 1450;vj_api+math;0;NBV.jpeg
73215049;NBV 80-307-11/4;NBV 80/4;354780;11;76;30;16;6 / 960;vj_api+math;0;NBV.jpeg
73216030;NBV 100-123-4/2;NBV 100/2;136920;4;69;15;16;2 / 2900;vj_api+math;0;NBV.jpeg
73216031;NBV 100-132-5.5/2;NBV 100/2;184000;5,5;77;18;16;2 / 2900;vj_api+math;0;NBV.jpeg
73216032;NBV 100-142-7.5/2;NBV 100/2;188010;7,5;88;19.9;16;2 / 2900;vj_api+math;0;NBV.jpeg
73216033;NBV 100-153-11/2;NBV 100/2;268380;11;131;21;16;2 / 2900;vj_api+math;0;NBV.jpeg
73216034;NBV 100-166-15/2;NBV 100/2;286590;15;164;25;16;2 / 2900;vj_api+math;0;NBV.jpeg
73216035;NBV 100-175-18.5/2;NBV 100/2;301700;18,5;156;30;16;2 / 2900;vj_api+math;0;NBV.jpeg
73216036;NBV 100-179-22/2;NBV 100/2;420960;22;164;32;16;2 / 2900;vj_api+math;0;NBV.jpeg
73216037;NBV 100-188-22/2;NBV 100/2;427690;22;155;37;16;2 / 2900;vj_api+math;0;NBV.jpeg
73216038;NBV 100-200-30/2;NBV 100/2;По запросу;30;159;45;16;2 / 2900;vj_api+math;0;NBV.jpeg
73216039;NBV 100-212-37/2;NBV 100/2;По запросу;37;168;53;16;2 / 2900;vj_api+math;0;NBV.jpeg
73216040;NBV 100-228-45/2;NBV 100/2;По запросу;45;177;52;16;2 / 2900;vj_api+math;0;NBV.jpeg
73216041;NBV 100-242-55/2;NBV 100/2;По запросу;55;185;60;16;2 / 2900;vj_api+math;0;NBV.jpeg
73216042;NBV 100-254-75/2;NBV 100/2;По запросу;75;217;61;16;2 / 2900;vj_api+math;0;NBV.jpeg
73216043;NBV 100-272-75/2;NBV 100/2;По запросу;75;197;80;25;2 / 2900;vj_api+math;0;NBV.jpeg
73216044;NBV 100-283-90/2;NBV 100/2;По запросу;90;223;88;25;6 / 960;vj_api+math;0;NBV.jpeg
73216045;NBV 100-289-110/2;NBV 100/2;По запросу;110;226;101;25;2 / 2900;vj_api+math;0;NBV.jpeg
73216046;NBV 100-311-132/2;NBV 100/2;По запросу;132;251;108;25;2 / 2900;vj_api+math;0;NBV.jpeg
73216047;NBV 100-324-160/2;NBV 100/2;По запросу;160;266;123;25;2 / 2900;vj_api+math;0;NBV.jpeg
73216048;NBV 100-135-0.75/4;NBV 100/4;106800;0,75;52;4;16;4 / 1450;vj_api+math;0;NBV.jpeg
73216049;NBV 100-156-1.1/4;NBV 100/4;140020;1,1;66;3.8;16;4 / 1450;vj_api+math;0;NBV.jpeg
73216050;NBV 100-168-1.5/4;NBV 100/4;146860;1,5;71;6;16;4 / 1450;vj_api+math;0;NBV.jpeg
73216051;NBV 100-172-2.2/4;NBV 100/4;148130;2,2;79;7;16;2 / 2900;vj_api+math;0;NBV.jpeg
73216052;NBV 100-180-2.2/4;NBV 100/4;165060;2,2;70;8;16;2 / 2900;vj_api+math;0;NBV.jpeg
73216053;NBV 100-190-3/4;NBV 100/4;173250;3;71;10;16;2 / 2900;vj_api+math;0;NBV.jpeg
73216054;NBV 100-205-4/4;NBV 100/4;189100;4;81;12;16;2 / 2900;vj_api+math;0;NBV.jpeg
73216055;NBV 100-230-5.5/4;NBV 100/4;234430;5,5;87;11.4;16;4 / 1450;vj_api+math;0;NBV.jpeg
73216056;NBV 100-250-7.5/4;NBV 100/4;251190;7,5;96;14.9;16;4 / 1450;vj_api+math;0;NBV.jpeg
73216057;NBV 100-270-11/4;NBV 100/4;373070;11;88;23;16;6 / 960;vj_api+math;0;NBV.jpeg
73216058;NBV 100-300-15/4;NBV 100/4;398200;15;114;24;16;6 / 960;vj_api+math;0;NBV.jpeg
73216059;NBV 100-318-18.5/4;NBV 100/4;476310;18,5;125;27;16;6 / 960;vj_api+math;0;NBV.jpeg
73216060;NBV 100-327-22/4;NBV 100/4;498800;22;141;28;16;6 / 960;vj_api+math;0;NBV.jpeg
73217012;NBV 125-169-22/2;NBV 125/2;438250;22;216;25;16;2 / 2900;vj_api+math;0;NBV.jpeg
73217013;NBV 125-182-30/2;NBV 125/2;По запросу;30;215;34;16;2 / 2900;vj_api+math;0;NBV.jpeg
73217014;NBV 125-194-37/2;NBV 125/2;По запросу;37;234;40;16;2 / 2900;vj_api+math;0;NBV.jpeg
73217015;NBV 125-219-45/2;NBV 125/2;По запросу;45;248;48;16;2 / 2900;vj_api+math;0;NBV.jpeg
73217016;NBV 125-221-55/2;NBV 125/2;По запросу;55;267;53;16;2 / 2900;vj_api+math;0;NBV.jpeg
73217017;NBV 125-236-75/2;NBV 125/2;По запросу;75;288;60;16;2 / 2900;vj_api+math;0;NBV.jpeg
73217018;NBV 125-250-90/2;NBV 125/2;По запросу;90;324;70;16;2 / 2900;vj_api+math;0;NBV.jpeg
73217019;NBV 125-264-110/2;NBV 125/2;По запросу;110;355;77;16;2 / 2900;vj_api+math;0;NBV.jpeg
73217020;NBV 125-288-132/2;NBV 125/2;По запросу;132;301;98;25;2 / 2900;vj_api+math;0;NBV.jpeg
73217021;NBV 125-303-160/2;NBV 125/2;По запросу;160;351;108;25;2 / 2900;vj_api+math;0;NBV.jpeg
73217022;NBV 125-316-185/2;NBV 125/2;По запросу;185;373;121;25;2 / 2900;vj_api+math;0;NBV.jpeg
73217023;NBV 125-327-200/2;NBV 125/2;По запросу;200;390;130;25;4 / 1450;vj_api+math;0;NBV.jpeg
73217024;NBV 125-161-2.2/4;NBV 125/4;178070;2,2;96;6;16;2 / 2900;vj_api+math;0;NBV.jpeg
73217025;NBV 125-175-3/4;NBV 125/4;185720;3;110;7;16;2 / 2900;vj_api+math;0;NBV.jpeg
73217026;NBV 125-192-4/4;NBV 125/4;215130;4;115;9;16;2 / 2900;vj_api+math;0;NBV.jpeg
73217027;NBV 125-215-5.5/4;NBV 125/4;248900;5,5;126;11.3;16;4 / 1450;vj_api+math;0;NBV.jpeg
73217028;NBV 125-223-7.5/4;NBV 125/4;256550;7,5;137;13.1;16;4 / 1450;vj_api+math;0;NBV.jpeg
73217029;NBV 125-225-7.5/4;NBV 125/4;257370;7,5;138;14;16;4 / 1450;vj_api+math;0;NBV.jpeg
73217030;NBV 125-250-11/4;NBV 125/4;368160;11;157;17;16;6 / 960;vj_api+math;0;NBV.jpeg
73217031;NBV 125-264-15/4;NBV 125/4;406120;15;164;20;16;6 / 960;vj_api+math;0;NBV.jpeg
73217032;NBV 125-295-18.5/4;NBV 125/4;475490;18,5;175;26;16;6 / 960;vj_api+math;0;NBV.jpeg
73217033;NBV 125-316-22/4;NBV 125/4;492790;22;193;28;16;6 / 960;vj_api+math;0;NBV.jpeg
73217034;NBV 125-327-30/4;NBV 125/4;По запросу;30;185;33;16;6 / 960;vj_api+math;0;NBV.jpeg
73217035;NBV 125-213-1.5/6;NBV 125/6;196280;1,5;68;5.2;16;4 / 1450;vj_api+math;0;NBV.jpeg
73217036;NBV 125-220-2.2/6;NBV 125/6;238250;2,2;78;6;16;4 / 1450;vj_api+math;0;NBV.jpeg
73217037;NBV 125-242-3/6;NBV 125/6;275300;3;93;7;16;6 / 960;vj_api+math;0;NBV.jpeg
73217038;NBV 125-259-4/6;NBV 125/6;286690;4;119;8;16;6 / 960;vj_api+math;0;NBV.jpeg
73217039;NBV 125-300-5.5/6;NBV 125/6;310720;5,5;111;12;16;6 / 960;vj_api+math;0;NBV.jpeg
73217040;NBV 125-327-7.5/6;NBV 125/6;371350;7,5;136;14;16;6 / 960;vj_api+math;0;NBV.jpeg
73218062;NBV 150-240-90/2;NBV 150/2;По запросу;90;473;48;16;2 / 2900;vj_api+math;0;NBV.jpeg
73218063;NBV 150-255-110/2;NBV 150/2;По запросу;110;450;59;16;2 / 2900;vj_api+math;0;NBV.jpeg
73218064;NBV 150-268-132/2;NBV 150/2;По запросу;132;490;68;16;2 / 2900;vj_api+math;0;NBV.jpeg
73218065;NBV 150-278-160/2;NBV 150/2;По запросу;160;520;75;16;2 / 2900;vj_api+math;0;NBV.jpeg
73218016;NBV 150-235-11/4;NBV 150/4;440260;11;223;12.9;16;6 / 960;vj_api+math;0;NBV.jpeg
73218017;NBV 150-257-15/4;NBV 150/4;469210;15;243;15.8;16;6 / 960;vj_api+math;0;NBV.jpeg
73218018;NBV 150-276-18.5/4;NBV 150/4;551780;18,5;245;18.1;16;6 / 960;vj_api+math;0;NBV.jpeg
73218019;NBV 150-262-18.5/4;NBV 150/4;574180;18,5;259;18.8;16;6 / 960;vj_api+math;0;NBV.jpeg
73218020;NBV 150-276-22/4;NBV 150/4;598390;22;247;22;16;6 / 960;vj_api+math;0;NBV.jpeg
73218021;NBV 150-300-30/4;NBV 150/4;По запросу;30;272;28;16;6 / 960;vj_api+math;0;NBV.jpeg
73218022;NBV 150-318-37/4;NBV 150/4;По запросу;37;290;32;16;6 / 960;vj_api+math;0;NBV.jpeg
73218023;NBV 150-328-45/4;NBV 150/4;По запросу;45;;32.8;150;4 / 1450;math;0;NBV.jpeg
73218024;NBV 150-350-45/4;NBV 150/4;По запросу;45;259;41;16;4 / 1450;vj_api+math;0;NBV.jpeg
73218025;NBV 150-370-55/4;NBV 150/4;По запросу;55;328;43;16;6 / 960;vj_api+math;0;NBV.jpeg
73218026;NBV 150-403-75/4;NBV 150/4;По запросу;75;359;51;16;6 / 960;vj_api+math;0;NBV.jpeg
73218027;NBV 150-424-90/4;NBV 150/4;По запросу;90;390;57;16;4 / 1450;vj_api+math;0;NBV.jpeg
73218028;NBV 150-214-2.2/6;NBV 150/6;295970;2,2;130;4.3;16;4 / 1450;vj_api+math;0;NBV.jpeg
73218029;NBV 150-230-3/6;NBV 150/6;327920;3;159;5;16;6 / 960;vj_api+math;0;NBV.jpeg
73218030;NBV 150-250-4/6;NBV 150/6;340220;4;186;6;16;6 / 960;vj_api+math;0;NBV.jpeg
73218031;NBV 150-276-5.5/6;NBV 150/6;355870;5,5;183;8;16;6 / 960;vj_api+math;0;NBV.jpeg
73218032;NBV 150-264-5.5/6;NBV 150/6;382090;5,5;151;9;16;6 / 960;vj_api+math;0;NBV.jpeg
73218033;NBV 150-286-7.5/6;NBV 150/6;441080;7,5;188;11;16;6 / 960;vj_api+math;0;NBV.jpeg
73218034;NBV 150-318-11/6;NBV 150/6;478670;11;188;14;16;6 / 960;vj_api+math;0;NBV.jpeg
73218035;NBV 150-352-15/6;NBV 150/6;610130;15;209;17;16;6 / 960;vj_api+math;0;NBV.jpeg
73218036;NBV 150-384-18.5/6;NBV 150/6;678500;18,5;225;20;16;6 / 960;vj_api+math;0;NBV.jpeg
73218037;NBV 150-403-22/6;NBV 150/6;704260;22;224;23;16;6 / 960;vj_api+math;0;NBV.jpeg
73218038;NBV 150-432-30/6;NBV 150/6;По запросу;30;238;26;16;6 / 960;vj_api+math;0;NBV.jpeg
73219009;NBV 200-242-18.5/4;NBV 200/4;621330;18,5;315;14;16;6 / 960;vj_api+math;0;NBV.jpeg
73219010;NBV 200-244-22/4;NBV 200/4;645810;22;351;15;16;6 / 960;vj_api+math;0;NBV.jpeg
73219011;NBV 200-272-30/4;NBV 200/4;По запросу;30;404;18;16;6 / 960;vj_api+math;0;NBV.jpeg
73219012;NBV 200-298-37/4;NBV 200/4;По запросу;37;464;21;16;6 / 960;vj_api+math;0;NBV.jpeg
73219013;NBV 200-313-45/4;NBV 200/4;По запросу;45;499;23;16;4 / 1450;vj_api+math;0;NBV.jpeg
73219014;NBV 200-334-55/4;NBV 200/4;По запросу;55;558;27;16;6 / 960;vj_api+math;0;NBV.jpeg
73219015;NBV 200-347-75/4;NBV 200/4;По запросу;75;585;32;16;6 / 960;vj_api+math;0;NBV.jpeg
73219016;NBV 200-310-37/4;NBV 200/4;По запросу;37;333;29;16;4 / 1450;vj_api+math;0;NBV.jpeg
73219017;NBV 200-326-45/4;NBV 200/4;По запросу;45;414;31;16;4 / 1450;vj_api+math;0;NBV.jpeg
73219018;NBV 200-337-55/4;NBV 200/4;По запросу;55;406;36;16;6 / 960;vj_api+math;0;NBV.jpeg
73219019;NBV 200-370-75/4;NBV 200/4;По запросу;75;456;42;16;6 / 960;vj_api+math;0;NBV.jpeg
73219020;NBV 200-390-90/4;NBV 200/4;По запросу;90;519;46;16;4 / 1450;vj_api+math;0;NBV.jpeg
73219021;NBV 200-413-110/4;NBV 200/4;По запросу;110;558;52;16;4 / 1450;vj_api+math;0;NBV.jpeg
73219022;NBV 200-432-132/4;NBV 200/4;По запросу;132;604;57;16;4 / 1450;vj_api+math;0;NBV.jpeg
73219023;NBV 200-264-7.5/6;NBV 200/6;482050;7,5;263;7;16;6 / 960;vj_api+math;0;NBV.jpeg
73219024;NBV 200-290-11/6;NBV 200/6;519370;11;323;9;16;6 / 960;vj_api+math;0;NBV.jpeg
73219025;NBV 200-321-15/6;NBV 200/6;646350;15;355;11;16;6 / 960;vj_api+math;0;NBV.jpeg
73219026;NBV 200-337-18.5/6;NBV 200/6;715910;18,5;355;13.1;16;6 / 960;vj_api+math;0;NBV.jpeg
73219027;NBV 200-347-22/6;NBV 200/6;741670;22;390;14;16;6 / 960;vj_api+math;0;NBV.jpeg
73219028;NBV 200-365-22/6;NBV 200/6;764070;22;337;18;16;6 / 960;vj_api+math;0;NBV.jpeg
73219029;NBV 200-402-30/6;NBV 200/6;По запросу;30;385;21;16;6 / 960;vj_api+math;0;NBV.jpeg
73219030;NBV 200-430-37/6;NBV 200/6;По запросу;37;361;25;16;4 / 1450;vj_api+math;0;NBV.jpeg
73211026;NBV iNOX 32-160-1.1/2;NBV iNOX 32/2;70560;1,1;12.5;16.7;50;2 / 2900;vj_api+math;0;NBV_iNOX.jpeg
73211027;NBV iNOX 32-160-1.5/2;NBV iNOX 32/2;74580;1,5;12.5;20;50;2 / 2900;vj_api+math;0;NBV_iNOX.jpeg
73211028;NBV iNOX 32-160-2.2/2;NBV iNOX 32/2;81580;2,2;12.5;26;50;2 / 2900;vj_api+math;0;NBV_iNOX.jpeg
73211029;NBV iNOX 32-200-3/2;NBV iNOX 32/2;106340;3;12.5;34;50;2 / 2900;vj_api+math;0;NBV_iNOX.jpeg
73211030;NBV iNOX 32-200-4/2;NBV iNOX 32/2;123090;4;12.5;46;50;2 / 2900;vj_api+math;0;NBV_iNOX.jpeg
73211031;NBV iNOX 32-200-5.5/2;NBV iNOX 32/2;143940;5,5;12.5;54;50;2 / 2900;vj_api+math;0;NBV_iNOX.jpeg
73211032;NBV iNOX 32-200-7.5/2;NBV iNOX 32/2;159500;7,5;12.5;62;50;2 / 2900;vj_api+math;0;NBV_iNOX.jpeg
73212035;NBV iNOX 40-125-1.5/2;NBV iNOX 40/2;75570;1,5;25;13.6;65;2 / 2900;vj_api+math;0;NBV_iNOX.jpeg
73212036;NBV iNOX 40-125-2.2/2;NBV iNOX 40/2;82590;2,2;25;20;65;2 / 2900;vj_api+math;0;NBV_iNOX.jpeg
73212037;NBV iNOX 40-125-3/2;NBV iNOX 40/2;99700;3;25;25;65;2 / 2900;vj_api+math;0;NBV_iNOX.jpeg
73212038;NBV iNOX 40-160-4/2;NBV iNOX 40/2;116630;4;25;31;65;2 / 2900;vj_api+math;0;NBV_iNOX.jpeg
73212039;NBV iNOX 40-200-5.5/2;NBV iNOX 40/2;146120;5,5;25;41;65;2 / 2900;vj_api+math;0;NBV_iNOX.jpeg
73212040;NBV iNOX 40-200-7.5/2;NBV iNOX 40/2;161510;7,5;25;48;65;2 / 2900;vj_api+math;0;NBV_iNOX.jpeg
73212041;NBV iNOX 40-200-11/2;NBV iNOX 40/2;209490;11;25;67;65;2 / 2900;vj_api+math;0;NBV_iNOX.jpeg
73213056;NBV iNOX 50-125-3/2;NBV iNOX 50/2;102520;3;40;15.7;65;2 / 2900;vj_api+math;0;NBV_iNOX.jpeg
73213057;NBV iNOX 50-125-4/2;NBV iNOX 50/2;117990;4;40;19.7;65;2 / 2900;vj_api+math;0;NBV_iNOX.jpeg
73213058;NBV iNOX 50-160-5.5/2;NBV iNOX 50/2;146670;5,5;50;25;65;2 / 2900;vj_api+math;0;NBV_iNOX.jpeg
73213059;NBV iNOX 50-200-7.5/2;NBV iNOX 50/2;162050;7,5;50;33;65;2 / 2900;vj_api+math;0;NBV_iNOX.jpeg
73213060;NBV iNOX 50-200-9/2;NBV iNOX 50/2;189730;9,2;50;41;65;2 / 2900;vj_api+math;0;NBV_iNOX.jpeg
73213061;NBV iNOX 50-200-11/2;NBV iNOX 50/2;209850;11;50;46;65;2 / 2900;vj_api+math;0;NBV_iNOX.jpeg
73213062;NBV iNOX 50-200-15/2;NBV iNOX 50/2;227050;15;50;60;65;2 / 2900;vj_api+math;0;NBV_iNOX.jpeg
73213063;NBV iNOX 50-200-18.5/2;NBV iNOX 50/2;307160;18,5;50;67;65;2 / 2900;vj_api+math;0;NBV_iNOX.jpeg
73214062;NBV iNOX 65-125-4/2;NBV iNOX 65/2;121910;4;80;13.4;80;2 / 2900;vj_api+math;0;NBV_iNOX.jpeg
73214063;NBV iNOX 65-125-5.5/2;NBV iNOX 65/2;143390;5,5;100;14.4;80;2 / 2900;vj_api+math;0;NBV_iNOX.jpeg
73214064;NBV iNOX 65-125-7.5/2;NBV iNOX 65/2;158950;7,5;100;19.8;80;2 / 2900;vj_api+math;0;NBV_iNOX.jpeg
73214065;NBV iNOX 65-125-9/2;NBV iNOX 65/2;179630;9,2;100;25;80;2 / 2900;vj_api+math;0;NBV_iNOX.jpeg
73214066;NBV iNOX 65-160-11/2;NBV iNOX 65/2;209490;11;100;29;80;2 / 2900;vj_api+math;0;NBV_iNOX.jpeg
73214067;NBV iNOX 65-160-15/2;NBV iNOX 65/2;226140;15;100;37;80;2 / 2900;vj_api+math;0;NBV_iNOX.jpeg
73214068;NBV iNOX 65-200-18.5/2;NBV iNOX 65/2;317720;18,5;100;47;80;2 / 2900;vj_api+math;0;NBV_iNOX.jpeg
73214069;NBV iNOX 65-200-22/2;NBV iNOX 65/2;411220;22;100;54;80;2 / 2900;vj_api+math;0;NBV_iNOX.jpeg
73214070;NBV iNOX 65-200-30/2;NBV iNOX 65/2;По запросу;30;100;68;80;2 / 2900;vj_api+math;0;NBV_iNOX.jpeg
73215079;NBV iNOX 80-160-11/2;NBV iNOX 80/2;211850;11;160;17.6;100;2 / 2900;vj_api+math;0;NBV_iNOX.jpeg
73215080;NBV iNOX 80-160-15/2;NBV iNOX 80/2;229150;15;160;25;100;2 / 2900;vj_api+math;0;NBV_iNOX.jpeg
73215081;NBV iNOX 80-160-18.5/2;NBV iNOX 80/2;314360;18,5;160;30;100;2 / 2900;vj_api+math;0;NBV_iNOX.jpeg
73215082;NBV iNOX 80-200-22/2;NBV iNOX 80/2;405660;22;160;35;100;2 / 2900;vj_api+math;0;NBV_iNOX.jpeg
73215083;NBV iNOX 80-200-30/2;NBV iNOX 80/2;По запросу;30;160;45;100;2 / 2900;vj_api+math;0;NBV_iNOX.jpeg
73215084;NBV iNOX 80-200-37/2;NBV iNOX 80/2;По запросу;37;160;56;100;2 / 2900;vj_api+math;0;NBV_iNOX.jpeg
73216092;NBV iNOX 100-160-18.5/2;NBV iNOX 100/2;551600;18,5;180;25;125;2 / 2900;vj_api+math;0;NBV_iNOX.jpeg
73216093;NBV iNOX 100-160-22/2;NBV iNOX 100/2;658740;22;180;30;125;2 / 2900;vj_api+math;0;NBV_iNOX.jpeg
73216094;NBV iNOX 100-160-30/2;NBV iNOX 100/2;По запросу;30;200;35;125;2 / 2900;vj_api+math;0;NBV_iNOX.jpeg
73216095;NBV iNOX 100-200-37/2;NBV iNOX 100/2;По запросу;37;200;49;125;2 / 2900;vj_api+math;0;NBV_iNOX.jpeg
73216096;NBV iNOX 100-200-45/2;NBV iNOX 100/2;По запросу;45;200;55;125;2 / 2900;vj_api+math;0;NBV_iNOX.jpeg
73216097;NBV iNOX 100-200-55/2;NBV iNOX 100/2;По запросу;55;200;64;125;2 / 2900;vj_api+math;0;NBV_iNOX.jpeg
73217070;NBV iNOX 125-200-45/2;NBV iNOX 125/2;По запросу;45;320;35;150;2 / 2900;vj_api+math;0;NBV_iNOX.jpeg
73217071;NBV iNOX 125-200-55/2;NBV iNOX 125/2;По запросу;55;320;41;150;2 / 2900;vj_api+math;0;NBV_iNOX.jpeg
73217072;NBV iNOX 125-200-75/2;NBV iNOX 125/2;По запросу;75;320;49;150;2 / 2900;vj_api+math;0;NBV_iNOX.jpeg
73217073;NBV iNOX 125-200-90/2;NBV iNOX 125/2;По запросу;90;320;54;150;2 / 2900;vj_api+math;0;NBV_iNOX.jpeg
73211033;NBV iNOX 32-160-1.1/2;NBV iNOX 32/2;82590;1,1;12.5;16.7;50;2 / 2900;vj_api+math;0;NBV_iNOX.jpeg
73211034;NBV iNOX 32-160-1.5/2;NBV iNOX 32/2;86780;1,5;12.5;20;50;2 / 2900;vj_api+math;0;NBV_iNOX.jpeg
73211035;NBV iNOX 32-160-2.2/2;NBV iNOX 32/2;93780;2,2;12.5;26;50;2 / 2900;vj_api+math;0;NBV_iNOX.jpeg
73211036;NBV iNOX 32-200-3/2;NBV iNOX 32/2;123920;3;12.5;34;50;2 / 2900;vj_api+math;0;NBV_iNOX.jpeg
73211037;NBV iNOX 32-200-4/2;NBV iNOX 32/2;141110;4;12.5;46;50;2 / 2900;vj_api+math;0;NBV_iNOX.jpeg
73211038;NBV iNOX 32-200-5.5/2;NBV iNOX 32/2;162420;5,5;12.5;54;50;2 / 2900;vj_api+math;0;NBV_iNOX.jpeg
73211039;NBV iNOX 32-200-7.5/2;NBV iNOX 32/2;178170;7,5;12.5;62;50;2 / 2900;vj_api+math;0;NBV_iNOX.jpeg
73212042;NBV iNOX 40-125-1.5/2;NBV iNOX 40/2;88050;1,5;25;13.6;65;2 / 2900;vj_api+math;0;NBV_iNOX.jpeg
73212043;NBV iNOX 40-125-2.2/2;NBV iNOX 40/2;95420;2,2;25;20;65;2 / 2900;vj_api+math;0;NBV_iNOX.jpeg
73212044;NBV iNOX 40-125-3/2;NBV iNOX 40/2;115180;3;25;25;65;2 / 2900;vj_api+math;0;NBV_iNOX.jpeg
73212045;NBV iNOX 40-160-4/2;NBV iNOX 40/2;132190;4;25;31;65;2 / 2900;vj_api+math;0;NBV_iNOX.jpeg
73212046;NBV iNOX 40-200-5.5/2;NBV iNOX 40/2;165790;5,5;25;41;65;2 / 2900;vj_api+math;0;NBV_iNOX.jpeg
73212047;NBV iNOX 40-200-7.5/2;NBV iNOX 40/2;181440;7,5;25;48;65;2 / 2900;vj_api+math;0;NBV_iNOX.jpeg
73212048;NBV iNOX 40-200-11/2;NBV iNOX 40/2;229970;11;25;67;65;2 / 2900;vj_api+math;0;NBV_iNOX.jpeg
73213064;NBV iNOX 50-125-3/2;NBV iNOX 50/2;118810;3;40;15.7;65;2 / 2900;vj_api+math;0;NBV_iNOX.jpeg
73213065;NBV iNOX 50-125-4/2;NBV iNOX 50/2;134290;4;40;19.7;65;2 / 2900;vj_api+math;0;NBV_iNOX.jpeg
73213066;NBV iNOX 50-160-5.5/2;NBV iNOX 50/2;166970;5,5;50;25;65;2 / 2900;vj_api+math;0;NBV_iNOX.jpeg
73213067;NBV iNOX 50-200-7.5/2;NBV iNOX 50/2;182630;7,5;50;33;65;2 / 2900;vj_api+math;0;NBV_iNOX.jpeg
73213068;NBV iNOX 50-200-9/2;NBV iNOX 50/2;210670;9,2;50;41;65;2 / 2900;vj_api+math;0;NBV_iNOX.jpeg
73213069;NBV iNOX 50-200-11/2;NBV iNOX 50/2;231060;11;50;46;65;2 / 2900;vj_api+math;0;NBV_iNOX.jpeg
73213070;NBV iNOX 50-200-15/2;NBV iNOX 50/2;248630;15;50;60;65;2 / 2900;vj_api+math;0;NBV_iNOX.jpeg
73213071;NBV iNOX 50-200-18.5/2;NBV iNOX 50/2;328830;18,5;50;67;65;2 / 2900;vj_api+math;0;NBV_iNOX.jpeg
73214071;NBV iNOX 65-125-4/2;NBV iNOX 65/2;139390;4;80;13.4;80;2 / 2900;vj_api+math;0;NBV_iNOX.jpeg
73214072;NBV iNOX 65-125-5.5/2;NBV iNOX 65/2;161240;5,5;100;14.4;80;2 / 2900;vj_api+math;0;NBV_iNOX.jpeg
73214073;NBV iNOX 65-125-7.5/2;NBV iNOX 65/2;177080;7,5;100;19.8;80;2 / 2900;vj_api+math;0;NBV_iNOX.jpeg
73214074;NBV iNOX 65-125-9/2;NBV iNOX 65/2;197840;9,2;100;25;80;2 / 2900;vj_api+math;0;NBV_iNOX.jpeg
73214075;NBV iNOX 65-160-11/2;NBV iNOX 65/2;230780;11;100;29;80;2 / 2900;vj_api+math;0;NBV_iNOX.jpeg
73214076;NBV iNOX 65-160-15/2;NBV iNOX 65/2;247720;15;100;37;80;2 / 2900;vj_api+math;0;NBV_iNOX.jpeg
73214077;NBV iNOX 65-200-18.5/2;NBV iNOX 65/2;341390;18,5;100;47;80;2 / 2900;vj_api+math;0;NBV_iNOX.jpeg
73214078;NBV iNOX 65-200-22/2;NBV iNOX 65/2;435160;22;100;54;80;2 / 2900;vj_api+math;0;NBV_iNOX.jpeg
73214079;NBV iNOX 65-200-30/2;NBV iNOX 65/2;По запросу;30;100;68;80;2 / 2900;vj_api+math;0;NBV_iNOX.jpeg
73215085;NBV iNOX 80-160-11/2;NBV iNOX 80/2;233520;11;160;17.6;100;2 / 2900;vj_api+math;0;NBV_iNOX.jpeg
73215086;NBV iNOX 80-160-15/2;NBV iNOX 80/2;251360;15;160;25;100;2 / 2900;vj_api+math;0;NBV_iNOX.jpeg
73215087;NBV iNOX 80-160-18.5/2;NBV iNOX 80/2;335480;18,5;160;30;100;2 / 2900;vj_api+math;0;NBV_iNOX.jpeg
73215088;NBV iNOX 80-200-22/2;NBV iNOX 80/2;432710;22;160;35;100;2 / 2900;vj_api+math;0;NBV_iNOX.jpeg
73215089;NBV iNOX 80-200-30/2;NBV iNOX 80/2;По запросу;30;160;45;100;2 / 2900;vj_api+math;0;NBV_iNOX.jpeg
73215090;NBV iNOX 80-200-37/2;NBV iNOX 80/2;По запросу;37;160;56;100;2 / 2900;vj_api+math;0;NBV_iNOX.jpeg
73216098;NBV iNOX 100-160-18.5/2;NBV iNOX 100/2;648820;18,5;180;25;125;2 / 2900;vj_api+math;0;NBV_iNOX.jpeg
73216099;NBV iNOX 100-160-22/2;NBV iNOX 100/2;756700;22;180;30;125;2 / 2900;vj_api+math;0;NBV_iNOX.jpeg
73216100;NBV iNOX 100-160-30/2;NBV iNOX 100/2;По запросу;30;200;35;125;2 / 2900;vj_api+math;0;NBV_iNOX.jpeg
73216101;NBV iNOX 100-200-37/2;NBV iNOX 100/2;По запросу;37;200;49;125;2 / 2900;vj_api+math;0;NBV_iNOX.jpeg
73216102;NBV iNOX 100-200-45/2;NBV iNOX 100/2;По запросу;45;200;55;125;2 / 2900;vj_api+math;0;NBV_iNOX.jpeg
73216103;NBV iNOX 100-200-55/2;NBV iNOX 100/2;По запросу;55;200;64;125;2 / 2900;vj_api+math;0;NBV_iNOX.jpeg
73217074;NBV iNOX 125-200-45/2;NBV iNOX 125/2;По запросу;45;320;35;150;2 / 2900;vj_api+math;0;NBV_iNOX.jpeg
73217075;NBV iNOX 125-200-55/2;NBV iNOX 125/2;По запросу;55;320;41;150;2 / 2900;vj_api+math;0;NBV_iNOX.jpeg
73217076;NBV iNOX 125-200-75/2;NBV iNOX 125/2;По запросу;75;320;49;150;2 / 2900;vj_api+math;0;NBV_iNOX.jpeg
73217077;NBV iNOX 125-200-90/2;NBV iNOX 125/2;По запросу;90;320;54;150;2 / 2900;vj_api+math;0;NBV_iNOX.jpeg
73316001;VNK 100-80/119;VNK 100-80;178170;3;46;15;16;6 / 960;vj_api+math;0;VNK.jpeg
73316002;VNK 100-80/128;VNK 100-80;188450;4;59;18;16;;vj_api+math;0;VNK.jpeg
73316003;VNK 100-80/138;VNK 100-80;241070;5,5;69;21;16;6 / 960;vj_api+math;0;VNK.jpeg
73316004;VNK 100-80/147;VNK 100-80;250720;7,5;89;19.9;16;4 / 1450;vj_api+math;0;VNK.jpeg
73316005;VNK 100-80/163;VNK 100-80;343750;11;99;27;16;2 / 2900;vj_api+math;0;VNK.jpeg
73316006;VNK 100-80/177;VNK 100-80;355600;15;108;33;16;2 / 2900;vj_api+math;0;VNK.jpeg
73316007;VNK 100-80/182;VNK 100-80;394200;18,5;112;37;16;4 / 1450;vj_api+math;0;VNK.jpeg
73316008;VNK 100-80/192;VNK 100-80;480850;22;124;42;16;4 / 1450;vj_api+math;0;VNK.jpeg
73316009;VNK 100-80/212;VNK 100-80;По запросу;30;116;57;16;4 / 1450;vj_api+math;0;VNK.jpeg
73316010;VNK 100-80/220;VNK 100-80;По запросу;37;118;62;16;6 / 960;vj_api+math;0;VNK.jpeg
73316011;VNK 100-80/229;VNK 100-80;По запросу;30;103;70;16;4 / 1450;vj_api+math;0;VNK.jpeg
73316012;VNK 100-80/242;VNK 100-80;По запросу;37;115;77;16;6 / 960;vj_api+math;0;VNK.jpeg
73316013;VNK 100-80/259;VNK 100-80;По запросу;45;119;80;16;;vj_api+math;0;VNK.jpeg
73316014;VNK 100-80/271;VNK 100-80;По запросу;55;135;91;25;4 / 1450;vj_api+math;0;VNK.jpeg
73316015;VNK 100-80/293;VNK 100-80;По запросу;75;141;112;25;4 / 1450;vj_api+math;0;VNK.jpeg
73316016;VNK 100-80/313;VNK 100-80;По запросу;90;151;127;25;4 / 1450;vj_api+math;0;VNK.jpeg
73317001;VNK 100-100/123;VNK 100-100;202020;4;69;15;16;;vj_api+math;0;VNK.jpeg
73317002;VNK 100-100/132;VNK 100-100;254640;5,5;77;18;16;6 / 960;vj_api+math;0;VNK.jpeg
73317003;VNK 100-100/142;VNK 100-100;264200;7,5;88;19.9;16;4 / 1450;vj_api+math;0;VNK.jpeg
73317004;VNK 125-100/153;VNK 125-100;361410;11;131;21;16;2 / 2900;vj_api+math;0;VNK.jpeg
73317005;VNK 125-100/166;VNK 125-100;373250;15;148;27;16;2 / 2900;vj_api+math;0;VNK.jpeg
73317006;VNK 125-100/175;VNK 125-100;397390;18,5;156;30;16;4 / 1450;vj_api+math;0;VNK.jpeg
73317007;VNK 125-100/179;VNK 125-100;482410;22;164;32;16;4 / 1450;vj_api+math;0;VNK.jpeg
73317008;VNK 125-100/188;VNK 125-100;488600;22;155;37;16;4 / 1450;vj_api+math;0;VNK.jpeg
73317009;VNK 125-100/200;VNK 125-100;По запросу;30;159;45;16;4 / 1450;vj_api+math;0;VNK.jpeg
73317010;VNK 125-100/212;VNK 125-100;По запросу;37;168;53;16;6 / 960;vj_api+math;0;VNK.jpeg
73317011;VNK 125-100/228;VNK 125-100;По запросу;45;177;52;16;;vj_api+math;0;VNK.jpeg
73317012;VNK 125-100/242;VNK 125-100;По запросу;55;185;60;16;;vj_api+math;0;VNK.jpeg
73317013;VNK 125-100/254;VNK 125-100;По запросу;75;217;61;16;4 / 1450;vj_api+math;0;VNK.jpeg
73317014;VNK 125-100/272;VNK 125-100;По запросу;75;197;80;25;4 / 1450;vj_api+math;0;VNK.jpeg
73317015;VNK 125-100/283;VNK 125-100;По запросу;90;223;88;25;4 / 1450;vj_api+math;0;VNK.jpeg
73317016;VNK 125-100/298;VNK 125-100;По запросу;110;226;101;25;4 / 1450;vj_api+math;0;VNK.jpeg
73317017;VNK 125-100/311;VNK 125-100;По запросу;132;251;108;25;4 / 1450;vj_api+math;0;VNK.jpeg
73317018;VNK 125-100/324;VNK 125-100;По запросу;160;266;123;25;4 / 1450;vj_api+math;0;VNK.jpeg
73318003;VNK 150-125/169;VNK 150-125;496150;22;216;25;16;4 / 1450;vj_api+math;0;VNK.jpeg
73318004;VNK 150-125/182;VNK 150-125;По запросу;30;215;34;16;4 / 1450;vj_api+math;0;VNK.jpeg
73318005;VNK 150-125/194;VNK 150-125;По запросу;37;234;40;16;6 / 960;vj_api+math;0;VNK.jpeg
73318006;VNK 150-125/219;VNK 150-125;По запросу;45;248;48;16;;vj_api+math;0;VNK.jpeg
73318007;VNK 150-125/223;VNK 150-125;По запросу;55;267;52;16;;vj_api+math;0;VNK.jpeg
73318008;VNK 150-125/221;VNK 150-125;По запросу;55;267;53;16;;vj_api+math;0;VNK.jpeg
73318009;VNK 150-125/236;VNK 150-125;По запросу;75;288;60;16;4 / 1450;vj_api+math;0;VNK.jpeg
73318010;VNK 150-125/250;VNK 150-125;По запросу;90;324;70;16;6 / 960;vj_api+math;0;VNK.jpeg
73318011;VNK 150-125/264;VNK 150-125;По запросу;110;355;77;16;;vj_api+math;0;VNK.jpeg
73318012;VNK 150-125/288;VNK 150-125;По запросу;132;301;98;25;4 / 1450;vj_api+math;0;VNK.jpeg
73318013;VNK 150-125/303;VNK 150-125;По запросу;160;351;108;25;4 / 1450;vj_api+math;0;VNK.jpeg
73318014;VNK 150-125/316;VNK 150-125;По запросу;185;373;121;25;4 / 1450;vj_api+math;0;VNK.jpeg
73318015;VNK 150-125/327;VNK 150-125;По запросу;200;390;130;25;4 / 1450;vj_api+math;0;VNK.jpeg
73319033;VNK 200-150/240;VNK 200-150;По запросу;90;470;48;16;6 / 960;vj_api+math;0;VNK.jpeg
73319034;VNK 200-150/255;VNK 200-150;По запросу;110;455;58;16;;vj_api+math;0;VNK.jpeg
73319035;VNK 200-150/268;VNK 200-150;По запросу;132;490;68;16;2 / 2900;vj_api+math;0;VNK.jpeg
73319036;VNK 200-150/279;VNK 200-150;По запросу;160;520;75;16;2 / 2900;vj_api+math;0;VNK.jpeg
73319037;VNK 200-150/284;VNK 200-150;По запросу;200;550;94;25;4 / 1450;vj_api+math;0;VNK.jpeg
73319038;VNK 200-150/293;VNK 200-150;По запросу;220;585;101;25;4 / 1450;vj_api+math;0;VNK.jpeg
73319039;VNK 200-150/304;VNK 200-150;По запросу;250;620;108;25;4 / 1450;vj_api+math;0;VNK.jpeg
73319040;VNK 200-150/316;VNK 200-150;По запросу;280;665;116;25;4 / 1450;vj_api+math;0;VNK.jpeg
73319041;VNK 200-150/329;VNK 200-150;По запросу;315;610;131;25;4 / 1450;vj_api+math;0;VNK.jpeg
73316017;VNK 100-80/155;VNK 100-80;187000;1,1;41;6;16;2 / 2900;vj_api+math;0;VNK.jpeg
73316018;VNK 100-80/169;VNK 100-80;193550;1,5;50;7;16;;vj_api+math;0;VNK.jpeg
73316019;VNK 100-80/178;VNK 100-80;203660;2,2;57;8;16;4 / 1450;vj_api+math;0;VNK.jpeg
73316020;VNK 100-80/180;VNK 100-80;217130;2,2;57;9;16;4 / 1450;vj_api+math;0;VNK.jpeg
73316021;VNK 100-80/196;VNK 100-80;223770;3;61;11;16;6 / 960;vj_api+math;0;VNK.jpeg
73316022;VNK 100-80/214;VNK 100-80;239340;4;55;15;16;4 / 1450;vj_api+math;0;VNK.jpeg
73316023;VNK 100-80/213;VNK 100-80;244350;3;49;14;16;6 / 960;vj_api+math;0;VNK.jpeg
73316024;VNK 100-80/228;VNK 100-80;258190;4;48;18;16;4 / 1450;vj_api+math;0;VNK.jpeg
73316025;VNK 100-80/250;VNK 100-80;300790;5,5;63;21;16;2 / 2900;vj_api+math;0;VNK.jpeg
73316026;VNK 100-80/258;VNK 100-80;391190;5,5;57;19;16;2 / 2900;vj_api+math;0;VNK.jpeg
73316027;VNK 100-80/279;VNK 100-80;401290;7,5;68;23;16;;vj_api+math;0;VNK.jpeg
73316028;VNK 100-80/307;VNK 100-80;452550;11;76;30;16;2 / 2900;vj_api+math;0;VNK.jpeg
73317019;VNK 125-100/156;VNK 125-100;202200;1,1;66;3.8;16;2 / 2900;vj_api+math;0;VNK.jpeg
73317020;VNK 125-100/168;VNK 125-100;208760;1,5;71;6;16;;vj_api+math;0;VNK.jpeg
73317021;VNK 125-100/172;VNK 125-100;219770;2,2;79;7;16;4 / 1450;vj_api+math;0;VNK.jpeg
73317022;VNK 125-100/180;VNK 125-100;226320;2,2;70;8;16;4 / 1450;vj_api+math;0;VNK.jpeg
73317023;VNK 125-100/190;VNK 125-100;232980;3;71;10;16;6 / 960;vj_api+math;0;VNK.jpeg
73317024;VNK 125-100/205;VNK 125-100;246630;4;81;12;16;4 / 1450;vj_api+math;0;VNK.jpeg
73317025;VNK 125-100/230;VNK 125-100;319640;5,5;87;11.4;16;2 / 2900;vj_api+math;0;VNK.jpeg
73317026;VNK 125-100/250;VNK 125-100;334760;7,5;96;14.9;16;;vj_api+math;0;VNK.jpeg
73317027;VNK 125-100/275;VNK 125-100;535290;11;88;23;16;2 / 2900;vj_api+math;0;VNK.jpeg
73317028;VNK 125-100/300;VNK 125-100;560050;15;114;24;16;2 / 2900;vj_api+math;0;VNK.jpeg
73317029;VNK 125-100/318;VNK 125-100;625880;18,5;125;27;16;;vj_api+math;0;VNK.jpeg
73317030;VNK 125-100/327;VNK 125-100;646350;22;141;28;16;4 / 1450;vj_api+math;0;VNK.jpeg
73318016;VNK 150-125/161;VNK 150-125;234800;2,2;96;6;16;4 / 1450;vj_api+math;0;VNK.jpeg
73318017;VNK 150-125/175;VNK 150-125;249440;3;110;7;16;6 / 960;vj_api+math;0;VNK.jpeg
73318018;VNK 150-125/192;VNK 150-125;263380;4;115;9;16;4 / 1450;vj_api+math;0;VNK.jpeg
73318019;VNK 150-125/215;VNK 150-125;337020;5,5;126;11.3;16;2 / 2900;vj_api+math;0;VNK.jpeg
73318020;VNK 150-125/222;VNK 150-125;352420;7,5;137;13.1;16;;vj_api+math;0;VNK.jpeg
73318021;VNK 150-125/225;VNK 150-125;452010;7,5;138;14;16;;vj_api+math;0;VNK.jpeg
73318022;VNK 150-125/251;VNK 150-125;509990;11;157;17;16;2 / 2900;vj_api+math;0;VNK.jpeg
73318023;VNK 150-125/265;VNK 150-125;534570;15;164;20;16;2 / 2900;vj_api+math;0;VNK.jpeg
73318024;VNK 150-125/295;VNK 150-125;631610;18,5;175;26;16;;vj_api+math;0;VNK.jpeg
73318025;VNK 150-125/316;VNK 150-125;652180;22;193;28;16;4 / 1450;vj_api+math;0;VNK.jpeg
73318026;VNK 150-125/328;VNK 150-125;По запросу;30;185;33;16;6 / 960;vj_api+math;0;VNK.jpeg
73319010;VNK 200-150/235;VNK 200-150;441990;11;223;12.9;16;2 / 2900;vj_api+math;0;VNK.jpeg
73319011;VNK 200-150/257;VNK 200-150;466480;15;243;15.8;16;2 / 2900;vj_api+math;0;VNK.jpeg
73319012;VNK 200-150/273;VNK 200-150;547040;18,5;245;18.1;16;;vj_api+math;0;VNK.jpeg
73319013;VNK 200-150/262;VNK 200-150;580630;18,5;259;18.8;16;;vj_api+math;0;VNK.jpeg
73319014;VNK 200-150/274;VNK 200-150;601120;22;248;22;16;4 / 1450;vj_api+math;0;VNK.jpeg
73319015;VNK 200-150/300;VNK 200-150;По запросу;30;271;28;16;6 / 960;vj_api+math;0;VNK.jpeg
73319016;VNK 200-150/317;VNK 200-150;По запросу;37;290;32;16;6 / 960;vj_api+math;0;VNK.jpeg
73319017;VNK 200-150/327;VNK 200-150;По запросу;45;321;34;16;4 / 1450;vj_api+math;0;VNK.jpeg
73319018;VNK 200-150/350;VNK 200-150;По запросу;45;259;41;16;4 / 1450;vj_api+math;0;VNK.jpeg
73319019;VNK 200-150/370;VNK 200-150;По запросу;55;329;43;16;;vj_api+math;0;VNK.jpeg
73319020;VNK 200-150/403;VNK 200-150;По запросу;75;360;51;16;6 / 960;vj_api+math;0;VNK.jpeg
73319021;VNK 200-150/424;VNK 200-150;По запросу;90;389;57;16;6 / 960;vj_api+math;0;VNK.jpeg
73321002;VNK 250-200/242;VNK 250-200;602660;18,5;315;14;16;;vj_api+math;0;VNK.jpeg
73321003;VNK 250-200/244;VNK 250-200;623230;22;351;15;16;4 / 1450;vj_api+math;0;VNK.jpeg
73321004;VNK 250-200/272;VNK 250-200;По запросу;30;404;18;16;6 / 960;vj_api+math;0;VNK.jpeg
73321005;VNK 250-200/298;VNK 250-200;По запросу;37;464;21;16;6 / 960;vj_api+math;0;VNK.jpeg
73321006;VNK 250-200/313;VNK 250-200;По запросу;45;499;23;16;4 / 1450;vj_api+math;0;VNK.jpeg
73321007;VNK 250-200/334;VNK 250-200;По запросу;55;558;27;16;;vj_api+math;0;VNK.jpeg
73321008;VNK 250-200/347;VNK 250-200;По запросу;75;585;32;16;6 / 960;vj_api+math;0;VNK.jpeg
73321009;VNK 250-200/310;VNK 250-200;По запросу;37;333;29;16;6 / 960;vj_api+math;0;VNK.jpeg
73321010;VNK 250-200/326;VNK 250-200;По запросу;45;381;32;16;4 / 1450;vj_api+math;0;VNK.jpeg
73321011;VNK 250-200/337;VNK 250-200;По запросу;55;406;36;16;;vj_api+math;0;VNK.jpeg
73321012;VNK 250-200/370;VNK 250-200;По запросу;75;456;42;16;6 / 960;vj_api+math;0;VNK.jpeg
73321013;VNK 250-200/390;VNK 250-200;По запросу;90;519;46;16;6 / 960;vj_api+math;0;VNK.jpeg
73321014;VNK 250-200/413;VNK 250-200;По запросу;110;558;52;16;;vj_api+math;0;VNK.jpeg
73321015;VNK 250-200/432;VNK 250-200;По запросу;132;604;57;16;2 / 2900;vj_api+math;0;VNK.jpeg
73323020;VNK 350-350/475;VNK 350-350;По запросу;315;1508;60;16;4 / 1450;vj_api+math;0;VNK.jpeg
73318027;VNK 150-125/213;VNK 150-125;272390;1,5;68;5.2;16;;vj_api+math;0;VNK.jpeg
73318028;VNK 150-125/220;VNK 150-125;399200;2,2;78;6;16;4 / 1450;vj_api+math;0;VNK.jpeg
73318029;VNK 150-125/242;VNK 150-125;422960;3;93;7;16;2 / 2900;vj_api+math;0;VNK.jpeg
73318030;VNK 150-125/259;VNK 150-125;433800;4;119;8;16;;vj_api+math;0;VNK.jpeg
73318031;VNK 150-125/300;VNK 150-125;476220;5,5;111;12;16;2 / 2900;vj_api+math;0;VNK.jpeg
73318032;VNK 150-125/326;VNK 150-125;522920;7,5;136;14;16;6 / 960;vj_api+math;0;VNK.jpeg
73319022;VNK 200-150/214;VNK 200-150;319730;2,2;130;4.3;16;4 / 1450;vj_api+math;0;VNK.jpeg
73319023;VNK 200-150/230;VNK 200-150;361330;3;159;5;16;2 / 2900;vj_api+math;0;VNK.jpeg
73319024;VNK 200-150/250;VNK 200-150;372160;4;186;6;16;;vj_api+math;0;VNK.jpeg
73319025;VNK 200-150/278;VNK 200-150;384550;5,5;183;8;16;2 / 2900;vj_api+math;0;VNK.jpeg
73319026;VNK 200-150/264;VNK 200-150;418140;5,5;151;9;16;2 / 2900;vj_api+math;0;VNK.jpeg
73319027;VNK 200-150/286;VNK 200-150;465020;7,5;188;11;16;6 / 960;vj_api+math;0;VNK.jpeg
73319028;VNK 200-150/319;VNK 200-150;505890;11;188;14;16;2 / 2900;vj_api+math;0;VNK.jpeg
73319029;VNK 200-150/352;VNK 200-150;643180;15;209;17;16;;vj_api+math;0;VNK.jpeg
73319030;VNK 200-150/384;VNK 200-150;703530;18,5;225;20;16;;vj_api+math;0;VNK.jpeg
73319031;VNK 200-150/402;VNK 200-150;724920;22;224;23;16;4 / 1450;vj_api+math;0;VNK.jpeg
73319032;VNK 200-150/432;VNK 200-150;По запросу;30;238;26;16;;vj_api+math;0;VNK.jpeg
73321016;VNK 250-200/264;VNK 250-200;487050;7,5;263;7;16;6 / 960;vj_api+math;0;VNK.jpeg
73321017;VNK 250-200/290;VNK 250-200;518270;11;323;9;16;2 / 2900;vj_api+math;0;VNK.jpeg
73321018;VNK 250-200/321;VNK 250-200;672310;15;355;11;16;;vj_api+math;0;VNK.jpeg
73321019;VNK 250-200/338;VNK 250-200;731570;18,5;355;13.1;16;;vj_api+math;0;VNK.jpeg
73321020;VNK 250-200/346;VNK 250-200;753960;22;390;14;16;4 / 1450;vj_api+math;0;VNK.jpeg
73321021;VNK 250-200/365;VNK 250-200;874220;22;337;18;16;4 / 1450;vj_api+math;0;VNK.jpeg
73321022;VNK 250-200/402;VNK 250-200;По запросу;30;385;21;16;;vj_api+math;0;VNK.jpeg
73321023;VNK 250-200/430;VNK 250-200;По запросу;37;361;25;16;;vj_api+math;0;VNK.jpeg
75111187;Hydro-ME 2 CRVE 1-2;Hydro-ME / CRVE 1;644700;0,37;2;11.4;415;2 / 2900;vj_api+math;0;Hydro_ME.jpeg
75111126;Hydro-ME 2 CRVE 1-3;Hydro-ME / CRVE 1;652590;0,37;2;17.1;415;2 / 2900;vj_api+math;0;Hydro_ME.jpeg
75118006;Hydro-ME 2 CRVE 1-4;Hydro-ME / CRVE 1;660490;0,37;2;22.8;415;2 / 2900;vj_api+math;0;Hydro_ME.jpeg
75111188;Hydro-ME 2 CRVE 1-5;Hydro-ME / CRVE 1;683230;0,37;2;28.5;415;2 / 2900;vj_api+math;0;Hydro_ME.jpeg
75111001;Hydro-ME 2 CRVE 1-6;Hydro-ME / CRVE 1;693380;0,37;2;34.2;415;2 / 2900;vj_api+math;0;Hydro_ME.jpeg
75111189;Hydro-ME 2 CRVE 1-7;Hydro-ME / CRVE 1;704160;0,37;2;39.9;415;2 / 2900;vj_api+math;0;Hydro_ME.jpeg
75111190;Hydro-ME 2 CRVE 1-8;Hydro-ME / CRVE 1;716890;0,55;2;45.6;415;2 / 2900;vj_api+math;0;Hydro_ME.jpeg
75111002;Hydro-ME 2 CRVE 1-9;Hydro-ME / CRVE 1;723970;0,55;2;51.3;415;2 / 2900;vj_api+math;0;Hydro_ME.jpeg
75111191;Hydro-ME 2 CRVE 1-10;Hydro-ME / CRVE 1;735190;0,55;2;57;415;2 / 2900;vj_api+math;0;Hydro_ME.jpeg
75111192;Hydro-ME 2 CRVE 1-11;Hydro-ME / CRVE 1;747230;0,55;2;62.7;415;2 / 2900;vj_api+math;0;Hydro_ME.jpeg
75111193;Hydro-ME 2 CRVE 1-12;Hydro-ME / CRVE 1;760850;0,75;2;68.4;415;2 / 2900;vj_api+math;0;Hydro_ME.jpeg
75111003;Hydro-ME 2 CRVE 1-13;Hydro-ME / CRVE 1;766430;0,75;2;74.1;415;2 / 2900;vj_api+math;0;Hydro_ME.jpeg
75111194;Hydro-ME 2 CRVE 1-15;Hydro-ME / CRVE 1;777190;0,75;2;85.5;415;2 / 2900;vj_api+math;0;Hydro_ME.jpeg
75111195;Hydro-ME 2 CRVE 1-17;Hydro-ME / CRVE 1;792720;1,1;2;96.9;415;2 / 2900;vj_api+math;0;Hydro_ME.jpeg
75111196;Hydro-ME 2 CRVE 1-19;Hydro-ME / CRVE 1;813350;1,1;2;108.3;415;2 / 2900;vj_api+math;0;Hydro_ME.jpeg
75111177;Hydro-ME 2 CRVE 3-2;Hydro-ME / CRVE 3;648010;0,37;2;11.4;415;2 / 2900;vj_api+math;0;Hydro_ME.jpeg
75111007;Hydro-ME 2 CRVE 3-3;Hydro-ME / CRVE 3;658690;0,37;2;17.1;415;2 / 2900;vj_api+math;0;Hydro_ME.jpeg
75111117;Hydro-ME 2 CRVE 3-4;Hydro-ME / CRVE 3;657110;0,37;2;22.8;415;2 / 2900;vj_api+math;0;Hydro_ME.jpeg
75111197;Hydro-ME 2 CRVE 3-5;Hydro-ME / CRVE 3;672270;0,37;2;28.5;415;2 / 2900;vj_api+math;0;Hydro_ME.jpeg
75111008;Hydro-ME 2 CRVE 3-6;Hydro-ME / CRVE 3;680960;0,55;2;34.2;415;2 / 2900;vj_api+math;0;Hydro_ME.jpeg
75111198;Hydro-ME 2 CRVE 3-7;Hydro-ME / CRVE 3;694110;0,55;2;39.9;415;2 / 2900;vj_api+math;0;Hydro_ME.jpeg
75111009;Hydro-ME 2 CRVE 3-8;Hydro-ME / CRVE 3;689340;0,75;2;45.6;415;2 / 2900;vj_api+math;0;Hydro_ME.jpeg
75111010;Hydro-ME 2 CRVE 3-9;Hydro-ME / CRVE 3;712660;0,75;2;51.3;415;2 / 2900;vj_api+math;0;Hydro_ME.jpeg
75111199;Hydro-ME 2 CRVE 3-10;Hydro-ME / CRVE 3;714730;0,75;2;57;415;2 / 2900;vj_api+math;0;Hydro_ME.jpeg
75111011;Hydro-ME 2 CRVE 3-11;Hydro-ME / CRVE 3;728410;1,1;2;62.7;415;2 / 2900;vj_api+math;0;Hydro_ME.jpeg
75111012;Hydro-ME 2 CRVE 3-12;Hydro-ME / CRVE 3;739220;1,1;2;68.4;415;2 / 2900;vj_api+math;0;Hydro_ME.jpeg
75111200;Hydro-ME 2 CRVE 3-13;Hydro-ME / CRVE 3;743240;1,1;2;74.1;415;2 / 2900;vj_api+math;0;Hydro_ME.jpeg
75111013;Hydro-ME 2 CRVE 3-15;Hydro-ME / CRVE 3;758630;1,1;2;85.5;415;2 / 2900;vj_api+math;0;Hydro_ME.jpeg
75111014;Hydro-ME 2 CRVE 3-17;Hydro-ME / CRVE 3;785930;1,5;2;96.9;415;2 / 2900;vj_api+math;0;Hydro_ME.jpeg
75111201;Hydro-ME 2 CRVE 3-19;Hydro-ME / CRVE 3;795420;1,5;2;108.3;415;2 / 2900;vj_api+math;0;Hydro_ME.jpeg
75111015;Hydro-ME 2 CRVE 3-21;Hydro-ME / CRVE 3;807650;2,2;2;119.7;415;2 / 2900;vj_api+math;0;Hydro_ME.jpeg
75111202;Hydro-ME 2 CRVE 3-23;Hydro-ME / CRVE 3;817010;2,2;2;131.1;415;2 / 2900;vj_api+math;0;Hydro_ME.jpeg
75111203;Hydro-ME 2 CRVE 3-25;Hydro-ME / CRVE 3;821860;2,2;2;142.5;415;2 / 2900;vj_api+math;0;Hydro_ME.jpeg
75111120;Hydro-ME 2 CRVE 5-2;Hydro-ME / CRVE 5;717980;0,37;2;11.4;415;2 / 2900;vj_api+math;0;Hydro_ME.jpeg
75111025;Hydro-ME 2 CRVE 5-3;Hydro-ME / CRVE 5;736610;0,55;2;17.1;415;2 / 2900;vj_api+math;0;Hydro_ME.jpeg
75111170;Hydro-ME 2 CRVE 5-4;Hydro-ME / CRVE 5;742870;0,55;2;22.8;415;2 / 2900;vj_api+math;0;Hydro_ME.jpeg
75111148;Hydro-ME 2 CRVE 5-5;Hydro-ME / CRVE 5;748930;0,75;2;28.5;415;2 / 2900;vj_api+math;0;Hydro_ME.jpeg
75111026;Hydro-ME 2 CRVE 5-6;Hydro-ME / CRVE 5;771040;1,1;2;34.2;415;2 / 2900;vj_api+math;0;Hydro_ME.jpeg
75111204;Hydro-ME 2 CRVE 5-7;Hydro-ME / CRVE 5;790780;1,1;2;39.9;415;2 / 2900;vj_api+math;0;Hydro_ME.jpeg
75111027;Hydro-ME 2 CRVE 5-8;Hydro-ME / CRVE 5;797110;1,1;2;45.6;415;2 / 2900;vj_api+math;0;Hydro_ME.jpeg
75111028;Hydro-ME 2 CRVE 5-9;Hydro-ME / CRVE 5;797660;1,5;2;51.3;415;2 / 2900;vj_api+math;0;Hydro_ME.jpeg
75111205;Hydro-ME 2 CRVE 5-10;Hydro-ME / CRVE 5;806560;1,5;2;57;415;2 / 2900;vj_api+math;0;Hydro_ME.jpeg
75111029;Hydro-ME 2 CRVE 5-11;Hydro-ME / CRVE 5;838030;2,2;2;62.7;415;2 / 2900;vj_api+math;0;Hydro_ME.jpeg
75111206;Hydro-ME 2 CRVE 5-12;Hydro-ME / CRVE 5;842100;2,2;2;68.4;415;2 / 2900;vj_api+math;0;Hydro_ME.jpeg
75111207;Hydro-ME 2 CRVE 5-13;Hydro-ME / CRVE 5;851210;2,2;2;74.1;415;2 / 2900;vj_api+math;0;Hydro_ME.jpeg
75111208;Hydro-ME 2 CRVE 5-14;Hydro-ME / CRVE 5;865160;2,2;2;79.8;415;2 / 2900;vj_api+math;0;Hydro_ME.jpeg
75111030;Hydro-ME 2 CRVE 5-15;Hydro-ME / CRVE 5;869230;2,2;2;85.5;415;2 / 2900;vj_api+math;0;Hydro_ME.jpeg
75111031;Hydro-ME 2 CRVE 5-16;Hydro-ME / CRVE 5;872540;2,2;2;91.2;415;2 / 2900;vj_api+math;0;Hydro_ME.jpeg
75111032;Hydro-ME 2 CRVE 5-18;Hydro-ME / CRVE 5;912290;3;2;102.6;415;2 / 2900;vj_api+math;0;Hydro_ME.jpeg
75111209;Hydro-ME 2 CRVE 5-20;Hydro-ME / CRVE 5;956040;3;2;114;415;2 / 2900;vj_api+math;0;Hydro_ME.jpeg
75111033;Hydro-ME 2 CRVE 5-22;Hydro-ME / CRVE 5;957020;4;2;125.4;415;2 / 2900;vj_api+math;0;Hydro_ME.jpeg
75118003;Hydro-ME 2 CRVE 10-1;Hydro-ME / CRVE 10;795590;0,37;2;5.7;415;2 / 2900;vj_api+math;0;Hydro_ME.jpeg
75111095;Hydro-ME 2 CRVE 10-2;Hydro-ME / CRVE 10;805100;0,75;2;11.4;415;2 / 2900;vj_api+math;0;Hydro_ME.jpeg
75111096;Hydro-ME 2 CRVE 10-3;Hydro-ME / CRVE 10;834570;1,1;2;17.1;415;2 / 2900;vj_api+math;0;Hydro_ME.jpeg
75111097;Hydro-ME 2 CRVE 10-4;Hydro-ME / CRVE 10;868320;1,5;2;22.8;415;2 / 2900;vj_api+math;0;Hydro_ME.jpeg
75111098;Hydro-ME 2 CRVE 10-5;Hydro-ME / CRVE 10;898910;2,2;2;28.5;415;2 / 2900;vj_api+math;0;Hydro_ME.jpeg
75111146;Hydro-ME 2 CRVE 10-6;Hydro-ME / CRVE 10;913730;2,2;2;34.2;415;2 / 2900;vj_api+math;0;Hydro_ME.jpeg
75111099;Hydro-ME 2 CRVE 10-7;Hydro-ME / CRVE 10;981930;3;2;39.9;415;2 / 2900;vj_api+math;0;Hydro_ME.jpeg
75111100;Hydro-ME 2 CRVE 10-8;Hydro-ME / CRVE 10;996950;3;2;45.6;415;2 / 2900;vj_api+math;0;Hydro_ME.jpeg
75111101;Hydro-ME 2 CRVE 10-9;Hydro-ME / CRVE 10;1038240;3;2;51.3;415;2 / 2900;vj_api+math;0;Hydro_ME.jpeg
75111210;Hydro-ME 2 CRVE 10-10;Hydro-ME / CRVE 10;1056340;4;2;57;415;2 / 2900;vj_api+math;0;Hydro_ME.jpeg
75111102;Hydro-ME 2 CRVE 10-12;Hydro-ME / CRVE 10;1125560;4;2;68.4;415;2 / 2900;vj_api+math;0;Hydro_ME.jpeg
75111103;Hydro-ME 2 CRVE 10-14;Hydro-ME / CRVE 10;1213340;5,5;2;79.8;415;2 / 2900;vj_api+math;0;Hydro_ME.jpeg
75111211;Hydro-ME 2 CRVE 15-1;Hydro-ME / CRVE 15;959960;1,1;2;5.7;70;2 / 2900;vj_api+math;0;Hydro_ME.jpeg
75111212;Hydro-ME 2 CRVE 15-2;Hydro-ME / CRVE 15;1000350;2,2;2;11.4;70;2 / 2900;vj_api+math;0;Hydro_ME.jpeg
75111061;Hydro-ME 2 CRVE 15-3;Hydro-ME / CRVE 15;1102940;3;2;17.1;70;2 / 2900;vj_api+math;0;Hydro_ME.jpeg
75111062;Hydro-ME 2 CRVE 15-4;Hydro-ME / CRVE 15;1157000;4;2;22.8;70;2 / 2900;vj_api+math;0;Hydro_ME.jpeg
75111063;Hydro-ME 2 CRVE 15-5;Hydro-ME / CRVE 15;1240750;4;2;28.5;70;2 / 2900;vj_api+math;0;Hydro_ME.jpeg
75111064;Hydro-ME 2 CRVE 15-6;Hydro-ME / CRVE 15;1285400;5,5;2;34.2;70;2 / 2900;vj_api+math;0;Hydro_ME.jpeg
75111065;Hydro-ME 2 CRVE 15-7;Hydro-ME / CRVE 15;1305340;5,5;2;39.9;70;2 / 2900;vj_api+math;0;Hydro_ME.jpeg
75111213;Hydro-ME 2 CRVE 15-8;Hydro-ME / CRVE 15;1375110;7,5;2;45.6;70;2 / 2900;vj_api+math;0;Hydro_ME.jpeg
75111214;Hydro-ME 2 CRVE 15-9;Hydro-ME / CRVE 15;1377650;7,5;2;51.3;70;2 / 2900;vj_api+math;0;Hydro_ME.jpeg
75111215;Hydro-ME 2 CRVE 15-10;Hydro-ME / CRVE 15;1633840;11;2;57;11;2 / 2900;vj_api+math;0;Hydro_ME.jpeg
75111216;Hydro-ME 2 CRVE 20-1;Hydro-ME / CRVE 20;1017120;1,1;2;5.7;70;2 / 2900;vj_api+math;0;Hydro_ME.jpeg
75111147;Hydro-ME 2 CRVE 20-2;Hydro-ME / CRVE 20;1072500;2,2;2;11.4;70;2 / 2900;vj_api+math;0;Hydro_ME.jpeg
75111114;Hydro-ME 2 CRVE 20-3;Hydro-ME / CRVE 20;1225860;4;2;17.1;70;2 / 2900;vj_api+math;0;Hydro_ME.jpeg
75111071;Hydro-ME 2 CRVE 20-4;Hydro-ME / CRVE 20;1336530;5,5;2;22.8;70;2 / 2900;vj_api+math;0;Hydro_ME.jpeg
75111217;Hydro-ME 2 CRVE 20-5;Hydro-ME / CRVE 20;1374700;5,5;2;28.5;70;2 / 2900;vj_api+math;0;Hydro_ME.jpeg
75111072;Hydro-ME 2 CRVE 20-6;Hydro-ME / CRVE 20;1465860;7,5;2;34.2;70;2 / 2900;vj_api+math;0;Hydro_ME.jpeg
75111073;Hydro-ME 2 CRVE 20-7;Hydro-ME / CRVE 20;1488350;7,5;2;39.9;70;2 / 2900;vj_api+math;0;Hydro_ME.jpeg
75111218;Hydro-ME 2 CRVE 20-8;Hydro-ME / CRVE 20;1673830;11;2;45.6;11;2 / 2900;vj_api+math;0;Hydro_ME.jpeg
75111074;Hydro-ME 2 CRVE 20-10;Hydro-ME / CRVE 20;1738470;11;2;57;11;2 / 2900;vj_api+math;0;Hydro_ME.jpeg
75111219;Hydro-ME 2 CRVE 32-1-1;Hydro-ME / CRVE 32;1383370;1,5;2;5.7;70;2 / 2900;vj_api+math;0;Hydro_ME.jpeg
75111220;Hydro-ME 2 CRVE 32-1;Hydro-ME / CRVE 32;1402900;2,2;2;5.7;70;2 / 2900;vj_api+math;0;Hydro_ME.jpeg
75111079;Hydro-ME 2 CRVE 32-2-2;Hydro-ME / CRVE 32;1480540;3;2;11.4;70;2 / 2900;vj_api+math;0;Hydro_ME.jpeg
75111221;Hydro-ME 2 CRVE 32-2;Hydro-ME / CRVE 32;1556150;4;2;11.4;70;2 / 2900;vj_api+math;0;Hydro_ME.jpeg
75111222;Hydro-ME 2 CRVE 32-3-2;Hydro-ME / CRVE 32;1718000;5,5;2;17.1;70;2 / 2900;vj_api+math;0;Hydro_ME.jpeg
75111080;Hydro-ME 2 CRVE 32-3;Hydro-ME / CRVE 32;1717820;5,5;2;17.1;70;2 / 2900;vj_api+math;0;Hydro_ME.jpeg
75111223;Hydro-ME 2 CRVE 32-4-2;Hydro-ME / CRVE 32;1786170;7,5;2;22.8;70;2 / 2900;vj_api+math;0;Hydro_ME.jpeg
75111081;Hydro-ME 2 CRVE 32-4;Hydro-ME / CRVE 32;1802200;7,5;2;22.8;70;2 / 2900;vj_api+math;0;Hydro_ME.jpeg
75111224;Hydro-ME 2 CRVE 32-5-2;Hydro-ME / CRVE 32;2083790;11;2;28.5;11;2 / 2900;vj_api+math;0;Hydro_ME.jpeg
75111082;Hydro-ME 2 CRVE 32-5;Hydro-ME / CRVE 32;2083340;11;2;28.5;11;2 / 2900;vj_api+math;0;Hydro_ME.jpeg
75111225;Hydro-ME 2 CRVE 32-6-2;Hydro-ME / CRVE 32;2113830;11;2;34.2;11;2 / 2900;vj_api+math;0;Hydro_ME.jpeg
75111226;Hydro-ME 2 CRVE 32-6;Hydro-ME / CRVE 32;2119110;11;2;34.2;11;2 / 2900;vj_api+math;0;Hydro_ME.jpeg
75111227;Hydro-ME 2 CRVE 32-7-2;Hydro-ME / CRVE 32;2345190;15;2;39.9;15;2 / 2900;vj_api+math;0;Hydro_ME.jpeg
75111228;Hydro-ME 2 CRVE 32-7;Hydro-ME / CRVE 32;2345190;15;2;39.9;15;2 / 2900;vj_api+math;0;Hydro_ME.jpeg
75111229;Hydro-ME 2 CRVE 45-1-1;Hydro-ME / CRVE 45;1527050;3;2;5.7;70;2 / 2900;vj_api+math;0;Hydro_ME.jpeg
75111230;Hydro-ME 2 CRVE 45-1;Hydro-ME / CRVE 45;1578050;4;2;5.7;70;2 / 2900;vj_api+math;0;Hydro_ME.jpeg
75111087;Hydro-ME 2 CRVE 45-2-2;Hydro-ME / CRVE 45;1775420;5,5;2;11.4;70;2 / 2900;vj_api+math;0;Hydro_ME.jpeg
75111231;Hydro-ME 2 CRVE 45-2;Hydro-ME / CRVE 45;1871650;7,5;2;11.4;70;2 / 2900;vj_api+math;0;Hydro_ME.jpeg
75111088;Hydro-ME 2 CRVE 45-3-2;Hydro-ME / CRVE 45;2236840;11;2;17.1;11;2 / 2900;vj_api+math;0;Hydro_ME.jpeg
75111089;Hydro-ME 2 CRVE 45-3;Hydro-ME / CRVE 45;2244470;11;2;17.1;11;2 / 2900;vj_api+math;0;Hydro_ME.jpeg
75111232;Hydro-ME 2 CRVE 45-4-2;Hydro-ME / CRVE 45;2667370;15;2;22.8;15;2 / 2900;vj_api+math;0;Hydro_ME.jpeg
75111233;Hydro-ME 2 CRVE 45-4;Hydro-ME / CRVE 45;2670440;15;2;22.8;15;2 / 2900;vj_api+math;0;Hydro_ME.jpeg
75111090;Hydro-ME 2 CRVE 45-5-2;Hydro-ME / CRVE 45;3044030;18,5;2;28.5;18;2 / 2900;vj_api+math;0;Hydro_ME.jpeg
75111234;Hydro-ME 2 CRVE 45-5;Hydro-ME / CRVE 45;3050070;18,5;2;28.5;18;2 / 2900;vj_api+math;0;Hydro_ME.jpeg
75111235;Hydro-ME 2 CRVE 64-1-1;Hydro-ME / CRVE 64;1763200;4;2;5.7;70;2 / 2900;vj_api+math;0;Hydro_ME.jpeg
75111236;Hydro-ME 2 CRVE 64-1;Hydro-ME / CRVE 64;1911530;5,5;2;5.7;70;2 / 2900;vj_api+math;0;Hydro_ME.jpeg
75111237;Hydro-ME 2 CRVE 64-2-2;Hydro-ME / CRVE 64;2026330;7,5;2;11.4;70;2 / 2900;vj_api+math;0;Hydro_ME.jpeg
75111238;Hydro-ME 2 CRVE 64-2-1;Hydro-ME / CRVE 64;2467280;11;2;11.4;11;2 / 2900;vj_api+math;0;Hydro_ME.jpeg
75111239;Hydro-ME 2 CRVE 64-2;Hydro-ME / CRVE 64;2457690;11;2;11.4;11;2 / 2900;vj_api+math;0;Hydro_ME.jpeg
75111240;Hydro-ME 2 CRVE 64-3-2;Hydro-ME / CRVE 64;2876840;15;2;17.1;15;2 / 2900;vj_api+math;0;Hydro_ME.jpeg
75111241;Hydro-ME 2 CRVE 64-3-1;Hydro-ME / CRVE 64;2880980;15;2;17.1;15;2 / 2900;vj_api+math;0;Hydro_ME.jpeg
75111242;Hydro-ME 2 CRVE 64-3;Hydro-ME / CRVE 64;3085860;18,5;2;17.1;18;2 / 2900;vj_api+math;0;Hydro_ME.jpeg
75111243;Hydro-ME 3 CRVE 1-2;Hydro-ME / CRVE 1;814270;0,37;3;11.4;415;2 / 2900;vj_api+math;0;Hydro_ME.jpeg
75111244;Hydro-ME 3 CRVE 1-3;Hydro-ME / CRVE 1;826860;0,37;3;17.1;415;2 / 2900;vj_api+math;0;Hydro_ME.jpeg
75111185;Hydro-ME 3 CRVE 1-4;Hydro-ME / CRVE 1;839460;0,37;3;22.8;415;2 / 2900;vj_api+math;0;Hydro_ME.jpeg
75111245;Hydro-ME 3 CRVE 1-5;Hydro-ME / CRVE 1;860520;0,37;3;28.5;415;2 / 2900;vj_api+math;0;Hydro_ME.jpeg
75111004;Hydro-ME 3 CRVE 1-6;Hydro-ME / CRVE 1;888000;0,37;3;34.2;415;2 / 2900;vj_api+math;0;Hydro_ME.jpeg
75111246;Hydro-ME 3 CRVE 1-7;Hydro-ME / CRVE 1;904200;0,37;3;39.9;415;2 / 2900;vj_api+math;0;Hydro_ME.jpeg
75111247;Hydro-ME 3 CRVE 1-8;Hydro-ME / CRVE 1;923310;0,55;3;45.6;415;2 / 2900;vj_api+math;0;Hydro_ME.jpeg
75111005;Hydro-ME 3 CRVE 1-9;Hydro-ME / CRVE 1;933410;0,55;3;51.3;415;2 / 2900;vj_api+math;0;Hydro_ME.jpeg
75111248;Hydro-ME 3 CRVE 1-10;Hydro-ME / CRVE 1;945840;0,55;3;57;415;2 / 2900;vj_api+math;0;Hydro_ME.jpeg
75111249;Hydro-ME 3 CRVE 1-11;Hydro-ME / CRVE 1;965710;0,55;3;62.7;415;2 / 2900;vj_api+math;0;Hydro_ME.jpeg
75111250;Hydro-ME 3 CRVE 1-12;Hydro-ME / CRVE 1;984330;0,75;3;68.4;415;2 / 2900;vj_api+math;0;Hydro_ME.jpeg
75111006;Hydro-ME 3 CRVE 1-13;Hydro-ME / CRVE 1;995890;0,75;3;74.1;415;2 / 2900;vj_api+math;0;Hydro_ME.jpeg
75111251;Hydro-ME 3 CRVE 1-15;Hydro-ME / CRVE 1;1008830;0,75;3;85.5;415;2 / 2900;vj_api+math;0;Hydro_ME.jpeg
75111252;Hydro-ME 3 CRVE 1-17;Hydro-ME / CRVE 1;1043120;1,1;3;96.9;415;2 / 2900;vj_api+math;0;Hydro_ME.jpeg
75111253;Hydro-ME 3 CRVE 1-19;Hydro-ME / CRVE 1;1060270;1,1;3;108.3;415;2 / 2900;vj_api+math;0;Hydro_ME.jpeg
75111119;Hydro-ME 3 CRVE 3-2;Hydro-ME / CRVE 3;818320;0,37;3;11.4;415;2 / 2900;vj_api+math;0;Hydro_ME.jpeg
75111016;Hydro-ME 3 CRVE 3-3;Hydro-ME / CRVE 3;832150;0,37;3;17.1;415;2 / 2900;vj_api+math;0;Hydro_ME.jpeg
75111174;Hydro-ME 3 CRVE 3-4;Hydro-ME / CRVE 3;831970;0,37;3;22.8;415;2 / 2900;vj_api+math;0;Hydro_ME.jpeg
75111254;Hydro-ME 3 CRVE 3-5;Hydro-ME / CRVE 3;854730;0,37;3;28.5;415;2 / 2900;vj_api+math;0;Hydro_ME.jpeg
75111017;Hydro-ME 3 CRVE 3-6;Hydro-ME / CRVE 3;864760;0,55;3;34.2;415;2 / 2900;vj_api+math;0;Hydro_ME.jpeg
75111255;Hydro-ME 3 CRVE 3-7;Hydro-ME / CRVE 3;875720;0,55;3;39.9;415;2 / 2900;vj_api+math;0;Hydro_ME.jpeg
75111018;Hydro-ME 3 CRVE 3-8;Hydro-ME / CRVE 3;876890;0,75;3;45.6;415;2 / 2900;vj_api+math;0;Hydro_ME.jpeg
75111019;Hydro-ME 3 CRVE 3-9;Hydro-ME / CRVE 3;916500;0,75;3;51.3;415;2 / 2900;vj_api+math;0;Hydro_ME.jpeg
75111256;Hydro-ME 3 CRVE 3-10;Hydro-ME / CRVE 3;918420;0,75;3;57;415;2 / 2900;vj_api+math;0;Hydro_ME.jpeg
75111020;Hydro-ME 3 CRVE 3-11;Hydro-ME / CRVE 3;942320;1,1;3;62.7;415;2 / 2900;vj_api+math;0;Hydro_ME.jpeg
75111021;Hydro-ME 3 CRVE 3-12;Hydro-ME / CRVE 3;954690;1,1;3;68.4;415;2 / 2900;vj_api+math;0;Hydro_ME.jpeg
75111257;Hydro-ME 3 CRVE 3-13;Hydro-ME / CRVE 3;961190;1,1;3;74.1;415;2 / 2900;vj_api+math;0;Hydro_ME.jpeg
75111022;Hydro-ME 3 CRVE 3-15;Hydro-ME / CRVE 3;983930;1,1;3;85.5;415;2 / 2900;vj_api+math;0;Hydro_ME.jpeg
75111023;Hydro-ME 3 CRVE 3-17;Hydro-ME / CRVE 3;1026660;1,5;3;96.9;415;2 / 2900;vj_api+math;0;Hydro_ME.jpeg
75111258;Hydro-ME 3 CRVE 3-19;Hydro-ME / CRVE 3;1039440;1,5;3;108.3;415;2 / 2900;vj_api+math;0;Hydro_ME.jpeg
75111024;Hydro-ME 3 CRVE 3-21;Hydro-ME / CRVE 3;1059980;2,2;3;119.7;415;2 / 2900;vj_api+math;0;Hydro_ME.jpeg
75111259;Hydro-ME 3 CRVE 3-23;Hydro-ME / CRVE 3;1071830;2,2;3;131.1;415;2 / 2900;vj_api+math;0;Hydro_ME.jpeg
75111260;Hydro-ME 3 CRVE 3-25;Hydro-ME / CRVE 3;1079120;2,2;3;142.5;415;2 / 2900;vj_api+math;0;Hydro_ME.jpeg
75111261;Hydro-ME 3 CRVE 5-2;Hydro-ME / CRVE 5;888060;0,37;3;11.4;415;2 / 2900;vj_api+math;0;Hydro_ME.jpeg
75111034;Hydro-ME 3 CRVE 5-3;Hydro-ME / CRVE 5;908230;0,55;3;17.1;415;2 / 2900;vj_api+math;0;Hydro_ME.jpeg
75111183;Hydro-ME 3 CRVE 5-4;Hydro-ME / CRVE 5;921790;0,55;3;22.8;415;2 / 2900;vj_api+math;0;Hydro_ME.jpeg
75111173;Hydro-ME 3 CRVE 5-5;Hydro-ME / CRVE 5;930890;0,75;3;28.5;415;2 / 2900;vj_api+math;0;Hydro_ME.jpeg
75111035;Hydro-ME 3 CRVE 5-6;Hydro-ME / CRVE 5;961080;1,1;3;34.2;415;2 / 2900;vj_api+math;0;Hydro_ME.jpeg
75111262;Hydro-ME 3 CRVE 5-7;Hydro-ME / CRVE 5;997700;1,1;3;39.9;415;2 / 2900;vj_api+math;0;Hydro_ME.jpeg
75111036;Hydro-ME 3 CRVE 5-8;Hydro-ME / CRVE 5;1007190;1,1;3;45.6;415;2 / 2900;vj_api+math;0;Hydro_ME.jpeg
75111037;Hydro-ME 3 CRVE 5-9;Hydro-ME / CRVE 5;1009380;1,5;3;51.3;415;2 / 2900;vj_api+math;0;Hydro_ME.jpeg
75111263;Hydro-ME 3 CRVE 5-10;Hydro-ME / CRVE 5;1017340;1,5;3;57;415;2 / 2900;vj_api+math;0;Hydro_ME.jpeg
75111038;Hydro-ME 3 CRVE 5-11;Hydro-ME / CRVE 5;1065920;2,2;3;62.7;415;2 / 2900;vj_api+math;0;Hydro_ME.jpeg
75111176;Hydro-ME 3 CRVE 5-12;Hydro-ME / CRVE 5;1070660;2,2;3;68.4;415;2 / 2900;vj_api+math;0;Hydro_ME.jpeg
75111264;Hydro-ME 3 CRVE 5-13;Hydro-ME / CRVE 5;1084310;2,2;3;74.1;415;2 / 2900;vj_api+math;0;Hydro_ME.jpeg
75111265;Hydro-ME 3 CRVE 5-14;Hydro-ME / CRVE 5;1105230;2,2;3;79.8;415;2 / 2900;vj_api+math;0;Hydro_ME.jpeg
75111039;Hydro-ME 3 CRVE 5-15;Hydro-ME / CRVE 5;1110900;2,2;3;85.5;415;2 / 2900;vj_api+math;0;Hydro_ME.jpeg
75111040;Hydro-ME 3 CRVE 5-16;Hydro-ME / CRVE 5;1117660;2,2;3;91.2;415;2 / 2900;vj_api+math;0;Hydro_ME.jpeg
75111041;Hydro-ME 3 CRVE 5-18;Hydro-ME / CRVE 5;1176130;3;3;102.6;415;2 / 2900;vj_api+math;0;Hydro_ME.jpeg
75111172;Hydro-ME 3 CRVE 5-20;Hydro-ME / CRVE 5;1246580;3;3;114;415;2 / 2900;vj_api+math;0;Hydro_ME.jpeg
75111042;Hydro-ME 3 CRVE 5-22;Hydro-ME / CRVE 5;1267220;4;3;125.4;415;2 / 2900;vj_api+math;0;Hydro_ME.jpeg
75111266;Hydro-ME 3 CRVE 10-1;Hydro-ME / CRVE 10;1028610;0,37;3;5.7;415;2 / 2900;vj_api+math;0;Hydro_ME.jpeg
75111104;Hydro-ME 3 CRVE 10-2;Hydro-ME / CRVE 10;1042760;0,37;3;11.4;415;2 / 2900;vj_api+math;0;Hydro_ME.jpeg
75111105;Hydro-ME 3 CRVE 10-3;Hydro-ME / CRVE 10;1088870;1,1;3;17.1;415;2 / 2900;vj_api+math;0;Hydro_ME.jpeg
75111106;Hydro-ME 3 CRVE 10-4;Hydro-ME / CRVE 10;1138680;1,5;3;22.8;415;2 / 2900;vj_api+math;0;Hydro_ME.jpeg
75111107;Hydro-ME 3 CRVE 10-5;Hydro-ME / CRVE 10;1170950;2,2;3;28.5;415;2 / 2900;vj_api+math;0;Hydro_ME.jpeg
75118005;Hydro-ME 3 CRVE 10-6;Hydro-ME / CRVE 10;1197780;2,2;3;34.2;415;2 / 2900;vj_api+math;0;Hydro_ME.jpeg
75111108;Hydro-ME 3 CRVE 10-7;Hydro-ME / CRVE 10;1302710;3;3;39.9;415;2 / 2900;vj_api+math;0;Hydro_ME.jpeg
75111109;Hydro-ME 3 CRVE 10-8;Hydro-ME / CRVE 10;1330160;3;3;45.6;415;2 / 2900;vj_api+math;0;Hydro_ME.jpeg
75111110;Hydro-ME 3 CRVE 10-9;Hydro-ME / CRVE 10;1377900;3;3;51.3;415;2 / 2900;vj_api+math;0;Hydro_ME.jpeg
75111175;Hydro-ME 3 CRVE 10-10;Hydro-ME / CRVE 10;1408640;4;3;57;415;2 / 2900;vj_api+math;0;Hydro_ME.jpeg
75111111;Hydro-ME 3 CRVE 10-12;Hydro-ME / CRVE 10;1551710;4;3;68.4;415;2 / 2900;vj_api+math;0;Hydro_ME.jpeg
75111112;Hydro-ME 3 CRVE 10-14;Hydro-ME / CRVE 10;1686650;5,5;3;79.8;415;2 / 2900;vj_api+math;0;Hydro_ME.jpeg
75111267;Hydro-ME 3 CRVE 15-1;Hydro-ME / CRVE 15;1229540;1,1;3;5.7;70;2 / 2900;vj_api+math;0;Hydro_ME.jpeg
75111125;Hydro-ME 3 CRVE 15-2;Hydro-ME / CRVE 15;1313800;2,2;3;11.4;70;2 / 2900;vj_api+math;0;Hydro_ME.jpeg
75111066;Hydro-ME 3 CRVE 15-3;Hydro-ME / CRVE 15;1470950;3;3;17.1;70;2 / 2900;vj_api+math;0;Hydro_ME.jpeg
75111067;Hydro-ME 3 CRVE 15-4;Hydro-ME / CRVE 15;1553050;4;3;22.8;70;2 / 2900;vj_api+math;0;Hydro_ME.jpeg
75111068;Hydro-ME 3 CRVE 15-5;Hydro-ME / CRVE 15;1681440;4;3;28.5;70;2 / 2900;vj_api+math;0;Hydro_ME.jpeg
75111069;Hydro-ME 3 CRVE 15-6;Hydro-ME / CRVE 15;1727210;5,5;3;34.2;70;2 / 2900;vj_api+math;0;Hydro_ME.jpeg
75111070;Hydro-ME 3 CRVE 15-7;Hydro-ME / CRVE 15;1775620;5,5;3;39.9;70;2 / 2900;vj_api+math;0;Hydro_ME.jpeg
75111268;Hydro-ME 3 CRVE 15-8;Hydro-ME / CRVE 15;1863080;7,5;3;45.6;70;2 / 2900;vj_api+math;0;Hydro_ME.jpeg
75118009;Hydro-ME 3 CRVE 15-9;Hydro-ME / CRVE 15;1894140;7,5;3;51.3;70;2 / 2900;vj_api+math;0;Hydro_ME.jpeg
75111269;Hydro-ME 3 CRVE 15-10;Hydro-ME / CRVE 15;2202770;11;3;57;11;2 / 2900;vj_api+math;0;Hydro_ME.jpeg
75111270;Hydro-ME 3 CRVE 20-1;Hydro-ME / CRVE 20;1349300;1,1;3;5.7;70;2 / 2900;vj_api+math;0;Hydro_ME.jpeg
75111271;Hydro-ME 3 CRVE 20-2;Hydro-ME / CRVE 20;1435070;2,2;3;11.4;70;2 / 2900;vj_api+math;0;Hydro_ME.jpeg
75111118;Hydro-ME 3 CRVE 20-3;Hydro-ME / CRVE 20;1664860;4;3;17.1;70;2 / 2900;vj_api+math;0;Hydro_ME.jpeg
75111075;Hydro-ME 3 CRVE 20-4;Hydro-ME / CRVE 20;1826560;5,5;3;22.8;70;2 / 2900;vj_api+math;0;Hydro_ME.jpeg
75111272;Hydro-ME 3 CRVE 20-5;Hydro-ME / CRVE 20;1880660;5,5;3;28.5;70;2 / 2900;vj_api+math;0;Hydro_ME.jpeg
75111076;Hydro-ME 3 CRVE 20-6;Hydro-ME / CRVE 20;2018590;7,5;3;34.2;70;2 / 2900;vj_api+math;0;Hydro_ME.jpeg
75111077;Hydro-ME 3 CRVE 20-7;Hydro-ME / CRVE 20;2045470;7,5;3;39.9;70;2 / 2900;vj_api+math;0;Hydro_ME.jpeg
75111273;Hydro-ME 3 CRVE 20-8;Hydro-ME / CRVE 20;2369830;11;3;45.6;11;2 / 2900;vj_api+math;0;Hydro_ME.jpeg
75111078;Hydro-ME 3 CRVE 20-10;Hydro-ME / CRVE 20;2427810;11;3;57;11;2 / 2900;vj_api+math;0;Hydro_ME.jpeg
75111274;Hydro-ME 3 CRVE 32-1-1;Hydro-ME / CRVE 32;1517230;1,5;3;5.7;70;2 / 2900;vj_api+math;0;Hydro_ME.jpeg
75111169;Hydro-ME 3 CRVE 32-1;Hydro-ME / CRVE 32;1542210;2,2;3;5.7;70;2 / 2900;vj_api+math;0;Hydro_ME.jpeg
75111083;Hydro-ME 3 CRVE 32-2-2;Hydro-ME / CRVE 32;1676890;3;3;11.4;70;2 / 2900;vj_api+math;0;Hydro_ME.jpeg
75111275;Hydro-ME 3 CRVE 32-2;Hydro-ME / CRVE 32;1772310;4;3;11.4;70;2 / 2900;vj_api+math;0;Hydro_ME.jpeg
75111276;Hydro-ME 3 CRVE 32-3-2;Hydro-ME / CRVE 32;2017210;5,5;3;17.1;70;2 / 2900;vj_api+math;0;Hydro_ME.jpeg
75111084;Hydro-ME 3 CRVE 32-3;Hydro-ME / CRVE 32;2020350;5,5;3;17.1;70;2 / 2900;vj_api+math;0;Hydro_ME.jpeg
75111277;Hydro-ME 3 CRVE 32-4-2;Hydro-ME / CRVE 32;2131810;7,5;3;22.8;70;2 / 2900;vj_api+math;0;Hydro_ME.jpeg
75111085;Hydro-ME 3 CRVE 32-4;Hydro-ME / CRVE 32;2134990;7,5;3;22.8;70;2 / 2900;vj_api+math;0;Hydro_ME.jpeg
75111278;Hydro-ME 3 CRVE 32-5-2;Hydro-ME / CRVE 32;2585090;11;3;28.5;11;2 / 2900;vj_api+math;0;Hydro_ME.jpeg
75111086;Hydro-ME 3 CRVE 32-5;Hydro-ME / CRVE 32;2585970;11;3;28.5;11;2 / 2900;vj_api+math;0;Hydro_ME.jpeg
75111279;Hydro-ME 3 CRVE 32-6-2;Hydro-ME / CRVE 32;2630660;11;3;34.2;11;2 / 2900;vj_api+math;0;Hydro_ME.jpeg
75111280;Hydro-ME 3 CRVE 32-6;Hydro-ME / CRVE 32;2588740;11;3;34.2;11;2 / 2900;vj_api+math;0;Hydro_ME.jpeg
75111113;Hydro-ME 3 CRVE 32-7-2;Hydro-ME / CRVE 32;2940410;15;3;39.9;15;2 / 2900;vj_api+math;0;Hydro_ME.jpeg
75111281;Hydro-ME 3 CRVE 32-7;Hydro-ME / CRVE 32;2938850;15;3;39.9;15;2 / 2900;vj_api+math;0;Hydro_ME.jpeg
75111282;Hydro-ME 3 CRVE 45-1-1;Hydro-ME / CRVE 45;2072860;3;3;5.7;70;2 / 2900;vj_api+math;0;Hydro_ME.jpeg
75111283;Hydro-ME 3 CRVE 45-1;Hydro-ME / CRVE 45;2148810;4;3;5.7;70;2 / 2900;vj_api+math;0;Hydro_ME.jpeg
75111091;Hydro-ME 3 CRVE 45-2-2;Hydro-ME / CRVE 45;2439770;5,5;3;11.4;70;2 / 2900;vj_api+math;0;Hydro_ME.jpeg
75111186;Hydro-ME 3 CRVE 45-2;Hydro-ME / CRVE 45;2636420;7,5;3;11.4;70;2 / 2900;vj_api+math;0;Hydro_ME.jpeg
75111092;Hydro-ME 3 CRVE 45-3-2;Hydro-ME / CRVE 45;3172830;11;3;17.1;11;2 / 2900;vj_api+math;0;Hydro_ME.jpeg
75111093;Hydro-ME 3 CRVE 45-3;Hydro-ME / CRVE 45;3201550;11;3;17.1;11;2 / 2900;vj_api+math;0;Hydro_ME.jpeg
75111284;Hydro-ME 3 CRVE 45-4-2;Hydro-ME / CRVE 45;3783070;15;3;22.8;15;2 / 2900;vj_api+math;0;Hydro_ME.jpeg
75111285;Hydro-ME 3 CRVE 45-4;Hydro-ME / CRVE 45;3787720;15;3;22.8;15;2 / 2900;vj_api+math;0;Hydro_ME.jpeg
75111094;Hydro-ME 3 CRVE 45-5-2;Hydro-ME / CRVE 45;4338040;18,5;3;28.5;18;2 / 2900;vj_api+math;0;Hydro_ME.jpeg
75111286;Hydro-ME 3 CRVE 45-5;Hydro-ME / CRVE 45;4342260;18,5;3;28.5;18;2 / 2900;vj_api+math;0;Hydro_ME.jpeg
75111287;Hydro-ME 3 CRVE 64-1-1;Hydro-ME / CRVE 64;2361360;4;3;5.7;70;2 / 2900;vj_api+math;0;Hydro_ME.jpeg
75111288;Hydro-ME 3 CRVE 64-1;Hydro-ME / CRVE 64;2584100;5,5;3;5.7;70;2 / 2900;vj_api+math;0;Hydro_ME.jpeg
75111289;Hydro-ME 3 CRVE 64-2-2;Hydro-ME / CRVE 64;2797290;7,5;3;11.4;70;2 / 2900;vj_api+math;0;Hydro_ME.jpeg
75111290;Hydro-ME 3 CRVE 64-2-1;Hydro-ME / CRVE 64;3434650;11;3;11.4;11;2 / 2900;vj_api+math;0;Hydro_ME.jpeg
75111291;Hydro-ME 3 CRVE 64-2;Hydro-ME / CRVE 64;3436500;11;3;11.4;11;2 / 2900;vj_api+math;0;Hydro_ME.jpeg
75111179;Hydro-ME 3 CRVE 64-3-2;Hydro-ME / CRVE 64;4008470;15;3;17.1;15;2 / 2900;vj_api+math;0;Hydro_ME.jpeg
75111178;Hydro-ME 3 CRVE 64-3-1;Hydro-ME / CRVE 64;4042590;15;3;17.1;15;2 / 2900;vj_api+math;0;Hydro_ME.jpeg
75111292;Hydro-ME 3 CRVE 64-3;Hydro-ME / CRVE 64;4355780;18,5;3;17.1;18;2 / 2900;vj_api+math;0;Hydro_ME.jpeg
75211387;Hydro-FS-A 1/1 CRV 10-2;Hydro-FS-A / CRV 10;1080160;0,75;15.8;2;80;;vj_api+math;0;Hydro_FS.jpeg
75211388;Hydro-FS-A 1/1 CRV 10-3;Hydro-FS-A / CRV 10;1104020;1,1;25;2;80;;vj_api+math;0;Hydro_FS.jpeg
75211385;Hydro-FS-A 1/1 CRV 10-4;Hydro-FS-A / CRV 10;1138290;1,5;32;2;80;;vj_api+math;0;Hydro_FS.jpeg
75211389;Hydro-FS-A 1/1 CRV 10-6;Hydro-FS-A / CRV 10;1169490;2,2;46;2;80;;vj_api+math;0;Hydro_FS.jpeg
75211376;Hydro-FS-A 1/1 CRV 10-9;Hydro-FS-A / CRV 10;1253340;3;71;2;80;;vj_api+math;0;Hydro_FS.jpeg
75211390;Hydro-FS-A 1/1 CRV 10-12;Hydro-FS-A / CRV 10;1360380;4;94;2;80;;vj_api+math;0;Hydro_FS.jpeg
75211391;Hydro-FS-A 1/1 CRV 10-14;Hydro-FS-A / CRV 10;1461530;5,5;109;2;80;;vj_api+math;0;Hydro_FS.jpeg
75211392;Hydro-FS-A 1/1 CRV 15-2;Hydro-FS-A / CRV 15;1226980;2,2;22;2;80;;vj_api+math;0;Hydro_FS.jpeg
75211393;Hydro-FS-A 1/1 CRV 15-3;Hydro-FS-A / CRV 15;1268840;3;33;2;80;;vj_api+math;0;Hydro_FS.jpeg
75211394;Hydro-FS-A 1/1 CRV 15-4;Hydro-FS-A / CRV 15;1327100;4;44;2;80;;vj_api+math;0;Hydro_FS.jpeg
75211395;Hydro-FS-A 1/1 CRV 15-5;Hydro-FS-A / CRV 15;1408070;4;56;2;80;;vj_api+math;0;Hydro_FS.jpeg
75211397;Hydro-FS-A 1/1 CRV 15-7;Hydro-FS-A / CRV 15;1473300;5,5;80;2;80;;vj_api+math;0;Hydro_FS.jpeg
75211399;Hydro-FS-A 1/1 CRV 15-9;Hydro-FS-A / CRV 15;1577910;7,5;105;2;80;;vj_api+math;0;Hydro_FS.jpeg
75211400;Hydro-FS-A 1/1 CRV 15-10;Hydro-FS-A / CRV 15;1740950;11;119;2;80;;vj_api+math;0;Hydro_FS.jpeg
75211373;Hydro-FS-A 1/1 CRV 20-1;Hydro-FS-A / CRV 20;1260270;1,1;10.4;2;80;;vj_api+math;0;Hydro_FS.jpeg
75211401;Hydro-FS-A 1/1 CRV 20-2;Hydro-FS-A / CRV 20;1305970;2,2;21;2;80;;vj_api+math;0;Hydro_FS.jpeg
75211374;Hydro-FS-A 1/1 CRV 20-3;Hydro-FS-A / CRV 20;1421530;4;32;2;80;;vj_api+math;0;Hydro_FS.jpeg
75211107;Hydro-FS-A 1/1 CRV 20-5;Hydro-FS-A / CRV 20;1541040;5,5;54;2;80;;vj_api+math;0;Hydro_FS.jpeg
75211377;Hydro-FS-A 1/1 CRV 20-7;Hydro-FS-A / CRV 20;1667950;7,5;76;2;80;;vj_api+math;0;Hydro_FS.jpeg
75211404;Hydro-FS-A 1/1 CRV 20-10;Hydro-FS-A / CRV 20;1841950;11;111;2;80;;vj_api+math;0;Hydro_FS.jpeg
75211405;Hydro-FS-A 1/1 CRV 32-1-1;Hydro-FS-A / CRV 32;1488990;1,5;9.9;2;100;;vj_api+math;0;Hydro_FS.jpeg
75211406;Hydro-FS-A 1/1 CRV 32-1;Hydro-FS-A / CRV 32;1500750;2,2;13;2;100;;vj_api+math;0;Hydro_FS.jpeg
75211407;Hydro-FS-A 1/1 CRV 32-2-2;Hydro-FS-A / CRV 32;1542140;3;19.1;2;100;;vj_api+math;0;Hydro_FS.jpeg
75211378;Hydro-FS-A 1/1 CRV 32-2;Hydro-FS-A / CRV 32;1606740;4;24;2;100;;vj_api+math;0;Hydro_FS.jpeg
75211364;Hydro-FS-A 1/1 CRV 32-3;Hydro-FS-A / CRV 32;1740570;5,5;37;2;100;;vj_api+math;0;Hydro_FS.jpeg
75211408;Hydro-FS-A 1/1 CRV 32-4;Hydro-FS-A / CRV 32;1826730;7,5;50;2;100;;vj_api+math;0;Hydro_FS.jpeg
75211365;Hydro-FS-A 1/1 CRV 32-5;Hydro-FS-A / CRV 32;2017940;11;62;2;100;;vj_api+math;0;Hydro_FS.jpeg
75211410;Hydro-FS-A 1/1 CRV 32-7;Hydro-FS-A / CRV 32;2180780;15;90;2;100;;vj_api+math;0;Hydro_FS.jpeg
75211411;Hydro-FS-A 1/1 CRV 45-1;Hydro-FS-A / CRV 45;1821290;4;19.8;2;150;;vj_api+math;0;Hydro_FS.jpeg
75211412;Hydro-FS-A 1/1 CRV 45-2-2;Hydro-FS-A / CRV 45;1983770;5,5;30;2;150;;vj_api+math;0;Hydro_FS.jpeg
75211413;Hydro-FS-A 1/1 CRV 45-2;Hydro-FS-A / CRV 45;2119480;7,5;38;2;150;;vj_api+math;0;Hydro_FS.jpeg
75211414;Hydro-FS-A 1/1 CRV 45-3-2;Hydro-FS-A / CRV 45;2364270;11;49;2;150;;vj_api+math;0;Hydro_FS.jpeg
75211415;Hydro-FS-A 1/1 CRV 45-3;Hydro-FS-A / CRV 45;2367020;11;57;2;150;;vj_api+math;0;Hydro_FS.jpeg
75211416;Hydro-FS-A 1/1 CRV 45-4;Hydro-FS-A / CRV 45;2664650;15;77;2;150;;vj_api+math;0;Hydro_FS.jpeg
75211417;Hydro-FS-A 1/1 CRV 45-5;Hydro-FS-A / CRV 45;3106560;18,5;97;2;150;;vj_api+math;0;Hydro_FS.jpeg
75211418;Hydro-FS-A 1/1 CRV 64-1;Hydro-FS-A / CRV 64;2041990;5,5;19.1;2;200;;vj_api+math;0;Hydro_FS.jpeg
75211419;Hydro-FS-A 1/1 CRV 64-2-2;Hydro-FS-A / CRV 64;2188730;7,5;26;2;200;;vj_api+math;0;Hydro_FS.jpeg
75211420;Hydro-FS-A 1/1 CRV 64-2;Hydro-FS-A / CRV 64;2491330;11;40;2;200;;vj_api+math;0;Hydro_FS.jpeg
75211421;Hydro-FS-A 1/1 CRV 64-3;Hydro-FS-A / CRV 64;3080510;18,5;60;2;200;;vj_api+math;0;Hydro_FS.jpeg
75211381;Hydro-FS-A 1/1 CRV 64-4-2;Hydro-FS-A / CRV 64;3092630;18,5;66;2;200;;vj_api+math;0;Hydro_FS.jpeg
75211423;Hydro-FS-A 2/1 CRV 10-2;Hydro-FS-A / CRV 10;1642600;0,75;15.8;3;80;;vj_api+math;0;Hydro_FS.jpeg
75211424;Hydro-FS-A 2/1 CRV 10-3;Hydro-FS-A / CRV 10;1678410;1,1;25;3;80;;vj_api+math;0;Hydro_FS.jpeg
75211425;Hydro-FS-A 2/1 CRV 10-4;Hydro-FS-A / CRV 10;1766390;1,5;32;3;80;;vj_api+math;0;Hydro_FS.jpeg
75211386;Hydro-FS-A 2/1 CRV 10-6;Hydro-FS-A / CRV 10;1813200;2,2;46;3;80;;vj_api+math;0;Hydro_FS.jpeg
75211427;Hydro-FS-A 2/1 CRV 10-9;Hydro-FS-A / CRV 10;1938960;3;71;3;80;;vj_api+math;0;Hydro_FS.jpeg
75211428;Hydro-FS-A 2/1 CRV 10-12;Hydro-FS-A / CRV 10;2107860;4;94;3;80;;vj_api+math;0;Hydro_FS.jpeg
75211429;Hydro-FS-A 2/1 CRV 10-14;Hydro-FS-A / CRV 10;2259580;5,5;109;3;80;;vj_api+math;0;Hydro_FS.jpeg
75211431;Hydro-FS-A 2/1 CRV 15-2;Hydro-FS-A / CRV 15;1876510;2,2;22;3;80;;vj_api+math;0;Hydro_FS.jpeg
75211432;Hydro-FS-A 2/1 CRV 15-3;Hydro-FS-A / CRV 15;1939290;3;33;3;80;;vj_api+math;0;Hydro_FS.jpeg
75211433;Hydro-FS-A 2/1 CRV 15-4;Hydro-FS-A / CRV 15;2035020;4;44;3;80;;vj_api+math;0;Hydro_FS.jpeg
75211434;Hydro-FS-A 2/1 CRV 15-5;Hydro-FS-A / CRV 15;2156450;4;56;3;80;;vj_api+math;0;Hydro_FS.jpeg
75211436;Hydro-FS-A 2/1 CRV 15-7;Hydro-FS-A / CRV 15;2254320;5,5;80;3;80;;vj_api+math;0;Hydro_FS.jpeg
75211438;Hydro-FS-A 2/1 CRV 15-9;Hydro-FS-A / CRV 15;2356370;7,5;105;3;80;;vj_api+math;0;Hydro_FS.jpeg
75211439;Hydro-FS-A 2/1 CRV 15-10;Hydro-FS-A / CRV 15;2718350;11;119;3;80;;vj_api+math;0;Hydro_FS.jpeg
75211440;Hydro-FS-A 2/1 CRV 20-1;Hydro-FS-A / CRV 20;1997410;1,1;10.4;3;100;;vj_api+math;0;Hydro_FS.jpeg
75211441;Hydro-FS-A 2/1 CRV 20-2;Hydro-FS-A / CRV 20;2102570;2,2;21;3;100;;vj_api+math;0;Hydro_FS.jpeg
75211442;Hydro-FS-A 2/1 CRV 20-3;Hydro-FS-A / CRV 20;2284210;4;32;3;100;;vj_api+math;0;Hydro_FS.jpeg
75211444;Hydro-FS-A 2/1 CRV 20-5;Hydro-FS-A / CRV 20;2463480;5,5;54;3;100;;vj_api+math;0;Hydro_FS.jpeg
75211446;Hydro-FS-A 2/1 CRV 20-7;Hydro-FS-A / CRV 20;2598960;7,5;76;3;100;;vj_api+math;0;Hydro_FS.jpeg
75211448;Hydro-FS-A 2/1 CRV 20-10;Hydro-FS-A / CRV 20;2977420;11;111;3;100;;vj_api+math;0;Hydro_FS.jpeg
75211449;Hydro-FS-A 2/1 CRV 32-1-1;Hydro-FS-A / CRV 32;2272870;1,5;9.9;3;100;;vj_api+math;0;Hydro_FS.jpeg
75211450;Hydro-FS-A 2/1 CRV 32-1;Hydro-FS-A / CRV 32;2290510;2,2;13;3;100;;vj_api+math;0;Hydro_FS.jpeg
75211451;Hydro-FS-A 2/1 CRV 32-2-2;Hydro-FS-A / CRV 32;2352590;3;19.1;3;100;;vj_api+math;0;Hydro_FS.jpeg
75211452;Hydro-FS-A 2/1 CRV 32-2;Hydro-FS-A / CRV 32;2457800;4;24;3;100;;vj_api+math;0;Hydro_FS.jpeg
75211453;Hydro-FS-A 2/1 CRV 32-3;Hydro-FS-A / CRV 32;2658560;5,5;37;3;100;;vj_api+math;0;Hydro_FS.jpeg
75211454;Hydro-FS-A 2/1 CRV 32-4;Hydro-FS-A / CRV 32;2732910;7,5;50;3;100;;vj_api+math;0;Hydro_FS.jpeg
75211455;Hydro-FS-A 2/1 CRV 32-5;Hydro-FS-A / CRV 32;3137180;11;62;3;100;;vj_api+math;0;Hydro_FS.jpeg
75211457;Hydro-FS-A 2/1 CRV 32-7;Hydro-FS-A / CRV 32;3361750;15;90;3;100;;vj_api+math;0;Hydro_FS.jpeg
75211458;Hydro-FS-A 2/1 CRV 45-1;Hydro-FS-A / CRV 45;2753620;4;19.8;3;150;;vj_api+math;0;Hydro_FS.jpeg
75211459;Hydro-FS-A 2/1 CRV 45-2-2;Hydro-FS-A / CRV 45;2997350;5,5;30;3;150;;vj_api+math;0;Hydro_FS.jpeg
75211460;Hydro-FS-A 2/1 CRV 45-2;Hydro-FS-A / CRV 45;3146040;7,5;38;3;150;;vj_api+math;0;Hydro_FS.jpeg
75211461;Hydro-FS-A 2/1 CRV 45-3-2;Hydro-FS-A / CRV 45;3630650;11;49;3;150;;vj_api+math;0;Hydro_FS.jpeg
75211462;Hydro-FS-A 2/1 CRV 45-3;Hydro-FS-A / CRV 45;3634790;11;57;3;150;;vj_api+math;0;Hydro_FS.jpeg
75211463;Hydro-FS-A 2/1 CRV 45-4;Hydro-FS-A / CRV 45;4061550;15;77;3;150;;vj_api+math;0;Hydro_FS.jpeg
75211464;Hydro-FS-A 2/1 CRV 45-5;Hydro-FS-A / CRV 45;4788730;18,5;97;3;150;;vj_api+math;0;Hydro_FS.jpeg
75211465;Hydro-FS-A 2/1 CRV 64-1;Hydro-FS-A / CRV 64;3168480;5,5;19.1;3;200;;vj_api+math;0;Hydro_FS.jpeg
75211466;Hydro-FS-A 2/1 CRV 64-2-2;Hydro-FS-A / CRV 64;3333710;7,5;26;3;200;;vj_api+math;0;Hydro_FS.jpeg
75211467;Hydro-FS-A 2/1 CRV 64-2;Hydro-FS-A / CRV 64;3905080;11;40;3;200;;vj_api+math;0;Hydro_FS.jpeg
75211468;Hydro-FS-A 2/1 CRV 64-3;Hydro-FS-A / CRV 64;4833480;18,5;60;3;200;;vj_api+math;0;Hydro_FS.jpeg
75211469;Hydro-FS-A 2/1 CRV 64-4-2;Hydro-FS-A / CRV 64;4851670;18,5;66;3;200;;vj_api+math;0;Hydro_FS.jpeg
72111001;AQUAMASTER 3-45;AQUAMASTER;52790;0,6;3;32;;;vj_api+math;1;AQUAMASTER.jpeg
72211001;AQUATRON 3-45 F;AQUATRON;49500;0,75;2.7;33;;;vj_api+math;1;AQUATRON.jpeg
72211002;AQUATRON 5-45 F;AQUATRON;55900;1,1;3.5;36;;;vj_api+math;1;AQUATRON.jpeg
76221014;APV.M.06.32.03.1;APV(M).06;27680;0,25;11;4;;4 / 1450;vj_api+math;1;APV_M__06.jpeg
76221015;APV.M.06.32.03.A1;APV(M).06;28770;0,25;11;4;;4 / 1450;vj_api+math;1;APV_M__06.jpeg
76221016;APV.M.06.32.03.AV1;APV(M).06;35980;0,25;11;4;;4 / 1450;vj_api+math;1;APV_M__06.jpeg
76221001;APV.06.40.04.1;APV(M).06;65920;0,37;10;9;;;vj_api+math;1;APV_M__06.jpeg
76221002;APV.06.40.04.A1;APV(M).06;68290;0,37;10;9;;;vj_api+math;1;APV_M__06.jpeg
76221003;APV.06.40.04.3;APV(M).06;68290;0,37;10;9;;6 / 960;vj_api+math;0;APV_M__06.jpeg
76221004;APV.06.40.06.1;APV(M).06;69840;0,55;12;9;;6 / 960;vj_api+math;1;APV_M__06.jpeg
76221005;APV.06.40.06.A1;APV(M).06;72200;0,55;12;9;;6 / 960;vj_api+math;1;APV_M__06.jpeg
76221006;APV.06.40.06.3;APV(M).06;72200;0,55;12;9;;;vj_api+math;1;APV_M__06.jpeg
76221007;APV.06.40.08.1;APV(M).06;73570;0,75;15;9;;;vj_api+math;1;APV_M__06.jpeg
76221008;APV.06.40.08.A1;APV(M).06;76020;0,75;15;9;;;vj_api+math;1;APV_M__06.jpeg
76221009;APV.06.40.08.3;APV(M).06;76020;0,75;14;9;;;vj_api+math;1;APV_M__06.jpeg
76221010;APV.06.40.11.1;APV(M).06;77480;1,1;16;12;;2 / 2900;vj_api+math;1;APV_M__06.jpeg
76221011;APV.06.40.11.A1;APV(M).06;80040;1,1;16;12;;2 / 2900;vj_api+math;1;APV_M__06.jpeg
76221012;APV.06.40.11.3;APV(M).06;80040;1,1;16;12;;;vj_api+math;1;APV_M__06.jpeg
